base_id,base_name,resource_level,level_requirement,drop_kind,professions,beginner_allowed,sex,base_affix_count,roll_pool_options,can_roll_affix,source_arm,source_desc
1001,铁剑,1,1,长剑,剑客,True,0,0,24,True,server/migrations/000000_init-24.sql:9923,server/migrations/000000_init-27.sql:11606
1002,钢剑,2,6,长剑,剑客,True,0,0,48,True,server/migrations/000000_init-24.sql:9924,server/migrations/000000_init-27.sql:11607
1003,辉石剑,3,12,长剑,剑客,False,0,0,72,True,server/migrations/000000_init-24.sql:11057,server/migrations/000000_init-28.sql:3835
1004,细银剑,4,18,长剑,剑客,False,0,0,96,True,server/migrations/000000_init-25.sql:417,server/migrations/000000_init-28.sql:6630
1005,邪齿剑,5,24,长剑,剑客,False,0,0,120,True,server/migrations/000000_init-25.sql:1550,server/migrations/000000_init-28.sql:7763
1006,妖泣,6,30,长剑,剑客,False,0,0,144,True,server/migrations/000000_init-25.sql:2683,server/migrations/000000_init-28.sql:8896
1007,劫火红莲,7,36,长剑,剑客,False,0,0,168,True,server/migrations/000000_init-25.sql:3816,server/migrations/000000_init-28.sql:10029
1008,怒鳞剑,8,42,长剑,剑客,False,0,0,192,True,server/migrations/000000_init-25.sql:4949,server/migrations/000000_init-29.sql:496
1009,谪仙,9,48,长剑,剑客,False,0,0,216,True,server/migrations/000000_init-25.sql:6082,server/migrations/000000_init-29.sql:1631
1010,凶剑·诛魔,10,54,长剑,剑客,False,0,0,240,True,server/migrations/000000_init-26.sql:690,server/migrations/000000_init-29.sql:2764
1011,小剑,99,1,长剑,剑客,True,0,0,0,False,server/migrations/000000_init-24.sql:9925,server/migrations/000000_init-27.sql:11608
1012,测试长剑,99,1,长剑,剑客,True,0,0,0,False,server/migrations/000000_init-24.sql:10038,server/migrations/000000_init-27.sql:12741
1013,测试双手剑,99,1,双手剑,剑客,True,0,0,0,False,server/migrations/000000_init-24.sql:10151,server/migrations/000000_init-27.sql:13874
1014,测试盾牌,99,1,盾牌,剑客,True,0,0,0,False,server/migrations/000000_init-24.sql:10264,server/migrations/000000_init-27.sql:15008
1015,测试木杖,99,1,法杖,药师|术士,True,0,0,0,False,server/migrations/000000_init-24.sql:10377,server/migrations/000000_init-27.sql:16141
1016,测试枪,99,1,长枪,战士,True,0,0,0,False,server/migrations/000000_init-24.sql:10490,server/migrations/000000_init-27.sql:17274
1017,测试拳刃,99,1,双刃,刺客,True,0,0,0,False,server/migrations/000000_init-24.sql:10603,server/migrations/000000_init-27.sql:18407
1018,测试飞刀,99,1,暗器,刺客,True,0,0,0,False,server/migrations/000000_init-24.sql:10716,server/migrations/000000_init-28.sql:434
1102,圆木盾,1,6,盾牌,剑客,True,0,1,19,True,server/migrations/000000_init-26.sql:577,server/migrations/000000_init-29.sql:2651
1103,青铜盾,2,12,盾牌,剑客,False,0,1,38,True,server/migrations/000000_init-26.sql:691,server/migrations/000000_init-29.sql:2765
1104,火铜盾,3,18,盾牌,剑客,False,0,1,57,True,server/migrations/000000_init-26.sql:793,server/migrations/000000_init-29.sql:2878
1105,混银盾,4,24,盾牌,剑客,False,0,1,76,True,server/migrations/000000_init-26.sql:806,server/migrations/000000_init-29.sql:2991
1106,狼魂大盾,5,30,盾牌,剑客,False,0,1,95,True,server/migrations/000000_init-26.sql:817,server/migrations/000000_init-29.sql:3104
1107,白虎之盾,6,36,盾牌,剑客,False,0,1,114,True,server/migrations/000000_init-26.sql:828,server/migrations/000000_init-29.sql:3217
1108,龙骨盾,7,42,盾牌,剑客,False,0,1,133,True,server/migrations/000000_init-26.sql:839,server/migrations/000000_init-29.sql:3330
1109,巨魔骨盾,8,48,盾牌,剑客,False,0,1,152,True,server/migrations/000000_init-26.sql:850,server/migrations/000000_init-29.sql:3443
1110,北辰悬照,9,54,盾牌,剑客,False,0,1,171,True,server/migrations/000000_init-26.sql:861,server/migrations/000000_init-29.sql:3556
1111,圣盾·焰灵,10,60,盾牌,剑客,False,0,1,190,True,server/migrations/000000_init-26.sql:872,server/migrations/000000_init-29.sql:3671
1301,短木杖,1,1,法杖,药师|术士,True,0,0,34,True,server/migrations/000000_init-24.sql:10559,server/migrations/000000_init-27.sql:17955
1302,檀木杖,2,6,法杖,药师|术士,True,0,0,68,True,server/migrations/000000_init-24.sql:10570,server/migrations/000000_init-27.sql:18068
1303,术士杖,3,12,法杖,药师|术士,False,0,0,102,True,server/migrations/000000_init-24.sql:10581,server/migrations/000000_init-27.sql:18181
1304,灵石杖,4,18,法杖,药师|术士,False,0,0,136,True,server/migrations/000000_init-24.sql:10592,server/migrations/000000_init-27.sql:18294
1305,蛇魔法杖,5,24,法杖,药师|术士,False,0,0,170,True,server/migrations/000000_init-24.sql:10604,server/migrations/000000_init-27.sql:18408
1306,辉石杖,6,30,法杖,药师|术士,False,0,0,204,True,server/migrations/000000_init-24.sql:10615,server/migrations/000000_init-27.sql:18521
1307,仙尊法杖,7,36,法杖,药师|术士,False,0,0,238,True,server/migrations/000000_init-24.sql:10626,server/migrations/000000_init-27.sql:18634
1308,神翼杖,8,42,法杖,药师|术士,False,0,0,272,True,server/migrations/000000_init-24.sql:10639,server/migrations/000000_init-27.sql:18749
1309,九天神岚,9,48,法杖,药师|术士,False,0,0,306,True,server/migrations/000000_init-24.sql:10650,server/migrations/000000_init-27.sql:18862
1310,神杖·九仪,10,54,法杖,药师|术士,False,0,0,340,True,server/migrations/000000_init-24.sql:10661,server/migrations/000000_init-27.sql:18975
1501,阔剑,1,1,双手剑,剑客,True,0,0,24,True,server/migrations/000000_init-24.sql:10785,server/migrations/000000_init-28.sql:1115
1502,巨剑,2,6,双手剑,剑客,True,0,0,48,True,server/migrations/000000_init-24.sql:10796,server/migrations/000000_init-28.sql:1228
1503,玄铁巨剑,3,12,双手剑,剑客,False,0,0,72,True,server/migrations/000000_init-24.sql:10807,server/migrations/000000_init-28.sql:1341
1504,战魂之剑,4,18,双手剑,剑客,False,0,0,96,True,server/migrations/000000_init-24.sql:10818,server/migrations/000000_init-28.sql:1454
1505,血纹古剑,5,24,双手剑,剑客,False,0,0,120,True,server/migrations/000000_init-24.sql:10830,server/migrations/000000_init-28.sql:1568
1506,嗜魔凶剑,6,30,双手剑,剑客,False,0,0,144,True,server/migrations/000000_init-24.sql:10843,server/migrations/000000_init-28.sql:1683
1507,翻云覆雨,7,36,双手剑,剑客,False,0,0,168,True,server/migrations/000000_init-24.sql:10854,server/migrations/000000_init-28.sql:1796
1508,煌雷剑,8,42,双手剑,剑客,False,0,0,192,True,server/migrations/000000_init-24.sql:10865,server/migrations/000000_init-28.sql:1909
1509,巨阙剑,9,48,双手剑,剑客,False,0,0,216,True,server/migrations/000000_init-24.sql:10876,server/migrations/000000_init-28.sql:2022
1510,魔剑·龙渊,10,54,双手剑,剑客,False,0,0,240,True,server/migrations/000000_init-24.sql:10887,server/migrations/000000_init-28.sql:2135
1601,铁枪,1,1,长枪,战士,True,0,0,24,True,server/migrations/000000_init-24.sql:11011,server/migrations/000000_init-28.sql:3381
1602,钢枪,2,6,长枪,战士,True,0,0,48,True,server/migrations/000000_init-24.sql:11022,server/migrations/000000_init-28.sql:3494
1603,红缨枪,3,12,长枪,战士,False,0,0,72,True,server/migrations/000000_init-24.sql:11033,server/migrations/000000_init-28.sql:3607
1604,三尖枪,4,18,长枪,战士,False,0,0,96,True,server/migrations/000000_init-24.sql:11046,server/migrations/000000_init-28.sql:3722
1605,精钢血戟,5,24,长枪,战士,False,0,0,120,True,server/migrations/000000_init-24.sql:11059,server/migrations/000000_init-28.sql:3837
1606,破梦玄戟,6,30,长枪,战士,False,0,0,144,True,server/migrations/000000_init-24.sql:11070,server/migrations/000000_init-28.sql:3950
1607,金箍棒,7,36,长枪,战士,False,0,0,168,True,server/migrations/000000_init-24.sql:11081,server/migrations/000000_init-28.sql:4063
1608,玄纹龙影,8,42,长枪,战士,False,0,0,192,True,server/migrations/000000_init-24.sql:11092,server/migrations/000000_init-28.sql:4176
1609,麒麟圣枪,9,48,长枪,战士,False,0,0,216,True,server/migrations/000000_init-24.sql:11103,server/migrations/000000_init-28.sql:4289
1610,怒戟·通天,10,54,长枪,战士,False,0,0,240,True,server/migrations/000000_init-24.sql:11114,server/migrations/000000_init-28.sql:4402
1801,拳刃,1,1,双刃,刺客,True,0,0,24,True,server/migrations/000000_init-24.sql:11238,server/migrations/000000_init-28.sql:5648
1802,钢制拳刺,2,6,双刃,刺客,True,0,0,48,True,server/migrations/000000_init-24.sql:11251,server/migrations/000000_init-28.sql:5691
1803,拳剑,3,12,双刃,刺客,False,0,0,72,True,server/migrations/000000_init-24.sql:11262,server/migrations/000000_init-28.sql:5702
1804,新月刃,4,18,双刃,刺客,False,0,0,96,True,server/migrations/000000_init-24.sql:11273,server/migrations/000000_init-28.sql:5713
1805,毒蛇拳刺,5,24,双刃,刺客,False,0,0,120,True,server/migrations/000000_init-24.sql:11285,server/migrations/000000_init-28.sql:5725
1806,鬼饮血刺,6,30,双刃,刺客,False,0,0,144,True,server/migrations/000000_init-24.sql:11296,server/migrations/000000_init-28.sql:5736
1807,残月拳刺,7,36,双刃,刺客,False,0,0,168,True,server/migrations/000000_init-24.sql:11307,server/migrations/000000_init-28.sql:5747
1808,裂魄之刺,8,42,双刃,刺客,False,0,0,192,True,server/migrations/000000_init-24.sql:11318,server/migrations/000000_init-28.sql:5758
1809,生死两难,9,48,双刃,刺客,False,0,0,216,True,server/migrations/000000_init-24.sql:11329,server/migrations/000000_init-28.sql:5771
1810,煞刺·伏龙,10,54,双刃,刺客,False,0,0,240,True,server/migrations/000000_init-24.sql:11340,server/migrations/000000_init-28.sql:5782
1901,锄头,99,1,双手剑,战士|剑客|刺客|药师|术士,True,0,0,0,False,server/migrations/000000_init-24.sql:11466,server/migrations/000000_init-28.sql:5906
1902,鱼竿,99,1,双手剑,战士|剑客|刺客|药师|术士,True,0,0,0,False,server/migrations/000000_init-24.sql:11477,server/migrations/000000_init-28.sql:5917
1903,飞刀,1,1,暗器,刺客,True,0,0,24,True,server/migrations/000000_init-24.sql:11488,server/migrations/000000_init-28.sql:5928
1904,十字镖,2,6,暗器,刺客,True,0,0,48,True,server/migrations/000000_init-24.sql:11499,server/migrations/000000_init-28.sql:5939
1905,铁蒺藜,3,12,暗器,刺客,False,0,0,72,True,server/migrations/000000_init-24.sql:11511,server/migrations/000000_init-28.sql:5951
1906,玄阴骨针,4,18,暗器,刺客,False,0,0,96,True,server/migrations/000000_init-24.sql:11522,server/migrations/000000_init-28.sql:5962
1907,三角邪钩,5,24,暗器,刺客,False,0,0,120,True,server/migrations/000000_init-24.sql:11533,server/migrations/000000_init-28.sql:5975
1908,离火珠,6,30,暗器,刺客,False,0,0,144,True,server/migrations/000000_init-24.sql:11544,server/migrations/000000_init-28.sql:5986
1909,凄雨沙,7,36,暗器,刺客,False,0,0,168,True,server/migrations/000000_init-24.sql:11557,server/migrations/000000_init-28.sql:5997
1910,暗星镖,8,42,暗器,刺客,False,0,0,192,True,server/migrations/000000_init-24.sql:11568,server/migrations/000000_init-28.sql:6008
1911,离合环,9,48,暗器,刺客,False,0,0,216,True,server/migrations/000000_init-24.sql:11579,server/migrations/000000_init-28.sql:6019
1912,诡刃·血穹,10,54,暗器,刺客,False,0,0,240,True,server/migrations/000000_init-24.sql:11590,server/migrations/000000_init-28.sql:6030
2001,皮毡帽,1,10,头盔,剑客,False,0,0,20,True,server/migrations/000000_init-24.sql:11714,server/migrations/000000_init-28.sql:6154
2002,铁护头,1,1,头盔,战士|剑客|刺客|药师|术士,True,0,0,20,True,server/migrations/000000_init-24.sql:11725,server/migrations/000000_init-28.sql:6165
2003,士兵护头,1,10,头盔,战士,False,0,0,20,True,server/migrations/000000_init-24.sql:11737,server/migrations/000000_init-28.sql:6179
2004,羽之首,2,17,头盔,刺客,False,0,0,40,True,server/migrations/000000_init-24.sql:11748,server/migrations/000000_init-28.sql:6190
2005,药童冠,1,10,头盔,药师,False,0,0,20,True,server/migrations/000000_init-24.sql:11761,server/migrations/000000_init-28.sql:6201
2006,白羽帽,1,10,头盔,术士,False,0,0,20,True,server/migrations/000000_init-24.sql:11772,server/migrations/000000_init-28.sql:6212
2007,神圣头盔,4,31,头盔,战士|剑客|刺客|药师|术士,True,0,0,80,True,server/migrations/000000_init-25.sql:10,server/migrations/000000_init-28.sql:6223
2008,古藤帽,2,17,头盔,剑客,False,0,0,40,True,server/migrations/000000_init-25.sql:21,server/migrations/000000_init-28.sql:6234
2009,白银护头,2,17,头盔,战士,False,0,0,40,True,server/migrations/000000_init-25.sql:32,server/migrations/000000_init-28.sql:6245
2010,斗笠,1,10,头盔,刺客,False,0,0,20,True,server/migrations/000000_init-25.sql:43,server/migrations/000000_init-28.sql:6256
2011,月白帽,2,17,头盔,药师,False,0,0,40,True,server/migrations/000000_init-25.sql:54,server/migrations/000000_init-28.sql:6267
2012,黑夜之帽,2,17,头盔,术士,False,0,0,40,True,server/migrations/000000_init-25.sql:65,server/migrations/000000_init-28.sql:6280
2013,荣誉之盔,4,31,头盔,战士|剑客|刺客|药师|术士,True,0,0,80,True,server/migrations/000000_init-25.sql:77,server/migrations/000000_init-28.sql:6292
2014,红缨之风,3,24,头盔,剑客,False,0,0,60,True,server/migrations/000000_init-25.sql:90,server/migrations/000000_init-28.sql:6303
2015,魔牛角,3,24,头盔,战士,False,0,0,60,True,server/migrations/000000_init-25.sql:101,server/migrations/000000_init-28.sql:6314
2016,白金护额,3,24,头盔,刺客,False,0,0,60,True,server/migrations/000000_init-25.sql:112,server/migrations/000000_init-28.sql:6325
2017,药师冠,3,24,头盔,药师,False,0,0,60,True,server/migrations/000000_init-25.sql:123,server/migrations/000000_init-28.sql:6336
2018,魔语帽,3,24,头盔,术士,False,0,0,60,True,server/migrations/000000_init-25.sql:134,server/migrations/000000_init-28.sql:6347
2019,兔子头饰,3,10,头盔,战士|剑客|刺客|药师|术士,True,0,0,60,True,server/migrations/000000_init-25.sql:145,server/migrations/000000_init-28.sql:6358
2020,趴熊帽,3,10,头盔,战士|剑客|刺客|药师|术士,True,0,0,60,True,server/migrations/000000_init-25.sql:156,server/migrations/000000_init-28.sql:6369
2021,恶魔翅膀,6,66,头盔,战士|剑客|刺客|药师|术士,True,0,0,120,True,server/migrations/000000_init-25.sql:167,server/migrations/000000_init-28.sql:6382
2022,天使翅膀,6,66,头盔,战士|剑客|刺客|药师|术士,True,0,0,120,True,server/migrations/000000_init-25.sql:178,server/migrations/000000_init-28.sql:6393
2023,王冠,5,45,头盔,战士|剑客|刺客|药师|术士,True,0,0,100,True,server/migrations/000000_init-25.sql:192,server/migrations/000000_init-28.sql:6405
2024,帝皇之冠,5,45,头盔,战士|剑客|刺客|药师|术士,True,0,0,100,True,server/migrations/000000_init-25.sql:203,server/migrations/000000_init-28.sql:6416
2025,血战头巾,4,31,头盔,战士,False,0,0,80,True,server/migrations/000000_init-25.sql:214,server/migrations/000000_init-28.sql:6427
2026,灵羽冠,5,38,头盔,战士,False,0,0,100,True,server/migrations/000000_init-25.sql:225,server/migrations/000000_init-28.sql:6438
2027,潜杀之首,4,31,头盔,刺客,False,0,0,80,True,server/migrations/000000_init-25.sql:236,server/migrations/000000_init-28.sql:6449
2028,绝息之首,5,38,头盔,刺客,False,0,0,100,True,server/migrations/000000_init-25.sql:247,server/migrations/000000_init-28.sql:6460
2029,缚神巾,4,31,头盔,剑客,False,0,0,80,True,server/migrations/000000_init-25.sql:258,server/migrations/000000_init-28.sql:6471
2030,驭风神盔,5,38,头盔,剑客,False,0,0,100,True,server/migrations/000000_init-25.sql:269,server/migrations/000000_init-28.sql:6484
2031,天兰冠,4,31,头盔,药师,False,0,0,80,True,server/migrations/000000_init-25.sql:280,server/migrations/000000_init-28.sql:6495
2032,仙葫帽,5,38,头盔,药师,False,0,0,100,True,server/migrations/000000_init-25.sql:293,server/migrations/000000_init-28.sql:6506
2033,升灵冠,4,31,头盔,术士,False,0,0,80,True,server/migrations/000000_init-25.sql:305,server/migrations/000000_init-28.sql:6518
2034,天宝灵冠,5,38,头盔,术士,False,0,0,100,True,server/migrations/000000_init-25.sql:316,server/migrations/000000_init-28.sql:6529
2035,包袱头,2,6,头盔,战士|剑客|刺客|药师|术士,True,0,0,40,True,server/migrations/000000_init-25.sql:327,server/migrations/000000_init-28.sql:6540
2036,包子头,2,6,头盔,战士|剑客|刺客|药师|术士,True,0,0,40,True,server/migrations/000000_init-25.sql:338,server/migrations/000000_init-28.sql:6551
2037,枪手帽,5,1,头盔,战士|剑客|刺客|药师|术士,True,0,0,100,True,server/migrations/000000_init-25.sql:349,server/migrations/000000_init-28.sql:6562
2038,海盗帽,5,1,头盔,战士|剑客|刺客|药师|术士,True,0,0,100,True,server/migrations/000000_init-25.sql:360,server/migrations/000000_init-28.sql:6573
2039,新郎彩冠,5,1,头盔,战士|剑客|刺客|药师|术士,True,1,0,100,True,server/migrations/000000_init-25.sql:371,server/migrations/000000_init-28.sql:6586
2040,新娘彩冠,5,1,头盔,战士|剑客|刺客|药师|术士,True,2,0,100,True,server/migrations/000000_init-25.sql:382,server/migrations/000000_init-28.sql:6597
2041,小鸡妹妹帽,5,1,头盔,战士|剑客|刺客|药师|术士,True,2,0,100,True,server/migrations/000000_init-25.sql:395,server/migrations/000000_init-28.sql:6608
2042,小鸡哥哥帽,5,1,头盔,战士|剑客|刺客|药师|术士,True,1,0,100,True,server/migrations/000000_init-25.sql:406,server/migrations/000000_init-28.sql:6619
2043,熊猫妹妹帽,5,1,头盔,战士|剑客|刺客|药师|术士,True,2,0,100,True,server/migrations/000000_init-25.sql:419,server/migrations/000000_init-28.sql:6632
2044,熊猫哥哥帽,5,1,头盔,战士|剑客|刺客|药师|术士,True,1,0,100,True,server/migrations/000000_init-25.sql:430,server/migrations/000000_init-28.sql:6643
2045,龙骨盔,6,45,头盔,战士,False,0,0,120,True,server/migrations/000000_init-25.sql:441,server/migrations/000000_init-28.sql:6654
2046,百炼古铜盔,7,52,头盔,战士,False,0,0,140,True,server/migrations/000000_init-25.sql:452,server/migrations/000000_init-28.sql:6665
2047,神翎冠,8,59,头盔,战士,False,0,0,160,True,server/migrations/000000_init-25.sql:463,server/migrations/000000_init-28.sql:6676
2048,隐灵头巾,6,45,头盔,刺客,False,0,0,120,True,server/migrations/000000_init-25.sql:474,server/migrations/000000_init-28.sql:6689
2049,夜魔头巾,7,52,头盔,刺客,False,0,0,140,True,server/migrations/000000_init-25.sql:485,server/migrations/000000_init-28.sql:6700
2050,鬼息头巾,8,59,头盔,刺客,False,0,0,160,True,server/migrations/000000_init-25.sql:498,server/migrations/000000_init-28.sql:6711
2051,软铁素帽,6,45,头盔,剑客,False,0,0,120,True,server/migrations/000000_init-25.sql:509,server/migrations/000000_init-28.sql:6722
2052,烈龙盔,7,52,头盔,剑客,False,0,0,140,True,server/migrations/000000_init-25.sql:520,server/migrations/000000_init-28.sql:6733
2053,剑仙冠,8,59,头盔,剑客,False,0,0,160,True,server/migrations/000000_init-25.sql:532,server/migrations/000000_init-28.sql:6745
2054,慈心冠,6,45,头盔,药师,False,0,0,120,True,server/migrations/000000_init-25.sql:543,server/migrations/000000_init-28.sql:6756
2055,四叶草冠,7,52,头盔,药师,False,0,0,140,True,server/migrations/000000_init-25.sql:554,server/migrations/000000_init-28.sql:6767
2056,神悯冠,8,59,头盔,药师,False,0,0,160,True,server/migrations/000000_init-25.sql:565,server/migrations/000000_init-28.sql:6778
2057,星月冠,6,45,头盔,术士,False,0,0,120,True,server/migrations/000000_init-25.sql:576,server/migrations/000000_init-28.sql:6791
2058,古仙符冠,7,52,头盔,术士,False,0,0,140,True,server/migrations/000000_init-25.sql:587,server/migrations/000000_init-28.sql:6802
2059,术神冠,8,59,头盔,术士,False,0,0,160,True,server/migrations/000000_init-25.sql:600,server/migrations/000000_init-28.sql:6813
2060,图腾头饰,5,1,头盔,战士|剑客|刺客|药师|术士,True,0,0,100,True,server/migrations/000000_init-25.sql:611,server/migrations/000000_init-28.sql:6824
2061,兽图腾头饰,5,1,头盔,战士|剑客|刺客|药师|术士,True,0,0,100,True,server/migrations/000000_init-25.sql:622,server/migrations/000000_init-28.sql:6835
2062,男生帽（舶来品）,5,1,头盔,战士|剑客|刺客|药师|术士,True,1,0,100,True,server/migrations/000000_init-25.sql:633,server/migrations/000000_init-28.sql:6846
2063,仕女冠（舶来品）,5,1,头盔,战士|剑客|刺客|药师|术士,True,2,0,100,True,server/migrations/000000_init-25.sql:645,server/migrations/000000_init-28.sql:6858
2101,长筒鞋,1,7,鞋子,战士|剑客|刺客|药师|术士,True,0,0,16,True,server/migrations/000000_init-25.sql:1074,server/migrations/000000_init-28.sql:7287
2102,铁靴,2,14,鞋子,战士|剑客|刺客|药师|术士,True,0,0,32,True,server/migrations/000000_init-25.sql:1085,server/migrations/000000_init-28.sql:7300
2103,精钢之靴,3,21,鞋子,战士|剑客|刺客|药师|术士,True,0,0,48,True,server/migrations/000000_init-25.sql:1097,server/migrations/000000_init-28.sql:7312
2104,白金之靴,4,28,鞋子,战士|剑客|刺客|药师|术士,True,0,0,64,True,server/migrations/000000_init-25.sql:1110,server/migrations/000000_init-28.sql:7323
2105,荣誉之靴,5,35,鞋子,战士|剑客|刺客|药师|术士,True,0,0,80,True,server/migrations/000000_init-25.sql:1121,server/migrations/000000_init-28.sql:7334
2106,勇者之靴,6,42,鞋子,战士|剑客|刺客|药师|术士,True,0,0,96,True,server/migrations/000000_init-25.sql:1132,server/migrations/000000_init-28.sql:7345
2107,王者之靴,7,49,鞋子,战士|剑客|刺客|药师|术士,True,0,0,112,True,server/migrations/000000_init-25.sql:1143,server/migrations/000000_init-28.sql:7356
2108,天罡之靴,8,56,鞋子,战士|剑客|刺客|药师|术士,True,0,0,128,True,server/migrations/000000_init-25.sql:1154,server/migrations/000000_init-28.sql:7367
2109,乾坤之鞋,9,63,鞋子,战士|剑客|刺客|药师|术士,True,0,0,144,True,server/migrations/000000_init-25.sql:1165,server/migrations/000000_init-28.sql:7378
2110,大地之靴,10,70,鞋子,战士|剑客|刺客|药师|术士,True,0,0,160,True,server/migrations/000000_init-25.sql:1176,server/migrations/000000_init-28.sql:7389
2401,布手套,1,6,手套,战士|剑客|刺客|药师|术士,True,0,0,20,True,server/migrations/000000_init-25.sql:4475,server/migrations/000000_init-29.sql:22
2402,铁手套,2,12,手套,战士|剑客|刺客|药师|术士,True,0,0,40,True,server/migrations/000000_init-25.sql:4486,server/migrations/000000_init-29.sql:33
2403,精钢手套,3,18,手套,战士|剑客|刺客|药师|术士,True,0,0,60,True,server/migrations/000000_init-25.sql:4498,server/migrations/000000_init-29.sql:45
2404,白金护腕,4,24,手套,战士|剑客|刺客|药师|术士,True,0,0,80,True,server/migrations/000000_init-25.sql:4509,server/migrations/000000_init-29.sql:56
2405,荣誉护腕,5,30,手套,战士|剑客|刺客|药师|术士,True,0,0,100,True,server/migrations/000000_init-25.sql:4520,server/migrations/000000_init-29.sql:67
2406,勇者护腕,6,36,手套,战士|剑客|刺客|药师|术士,True,0,0,120,True,server/migrations/000000_init-25.sql:4531,server/migrations/000000_init-29.sql:78
2407,王者护腕,7,42,手套,战士|剑客|刺客|药师|术士,True,0,0,140,True,server/migrations/000000_init-25.sql:4542,server/migrations/000000_init-29.sql:89
2408,天罡护腕,8,48,手套,战士|剑客|刺客|药师|术士,True,0,0,160,True,server/migrations/000000_init-25.sql:4553,server/migrations/000000_init-29.sql:102
2409,乾坤手套,9,54,手套,战士|剑客|刺客|药师|术士,True,0,0,180,True,server/migrations/000000_init-25.sql:4564,server/migrations/000000_init-29.sql:113
2410,魔牙护腕,10,60,手套,战士|剑客|刺客|药师|术士,True,0,0,200,True,server/migrations/000000_init-25.sql:4577,server/migrations/000000_init-29.sql:124
2501,铁项链,1,8,项链,战士|剑客|刺客|药师|术士,True,0,0,26,True,server/migrations/000000_init-25.sql:5608,server/migrations/000000_init-29.sql:1155
2502,银项链,2,14,项链,战士|剑客|刺客|药师|术士,True,0,0,52,True,server/migrations/000000_init-25.sql:5619,server/migrations/000000_init-29.sql:1166
2503,黄金项链,3,20,项链,战士|剑客|刺客|药师|术士,True,0,0,78,True,server/migrations/000000_init-25.sql:5631,server/migrations/000000_init-29.sql:1178
2504,琥珀项链,4,26,项链,战士|剑客|刺客|药师|术士,True,0,0,104,True,server/migrations/000000_init-25.sql:5642,server/migrations/000000_init-29.sql:1189
2505,翡青项链,5,32,项链,战士|剑客|刺客|药师|术士,True,0,0,130,True,server/migrations/000000_init-25.sql:5653,server/migrations/000000_init-29.sql:1200
2506,水晶项链,6,38,项链,战士|剑客|刺客|药师|术士,True,0,0,156,True,server/migrations/000000_init-25.sql:5664,server/migrations/000000_init-29.sql:1211
2507,钻石项链,7,44,项链,战士|剑客|刺客|药师|术士,True,0,0,178,True,server/migrations/000000_init-25.sql:5675,server/migrations/000000_init-29.sql:1224
2508,圣十字项链,8,50,项链,战士|剑客|刺客|药师|术士,True,0,0,200,True,server/migrations/000000_init-25.sql:5686,server/migrations/000000_init-29.sql:1235
2509,天使泪项链,9,56,项链,战士|剑客|刺客|药师|术士,True,0,0,222,True,server/migrations/000000_init-25.sql:5699,server/migrations/000000_init-29.sql:1246
2510,永恒之链,10,62,项链,战士|剑客|刺客|药师|术士,True,0,0,245,True,server/migrations/000000_init-25.sql:5710,server/migrations/000000_init-29.sql:1257
2551,铜质魔力之戒,1,6,戒指,战士|剑客|刺客|药师|术士,True,0,0,26,True,server/migrations/000000_init-25.sql:6174,server/migrations/000000_init-29.sql:1721
2552,银质魔力之戒,2,12,戒指,战士|剑客|刺客|药师|术士,True,0,0,52,True,server/migrations/000000_init-25.sql:6185,server/migrations/000000_init-29.sql:1734
2553,金质魔力之戒,3,18,戒指,战士|剑客|刺客|药师|术士,True,0,0,78,True,server/migrations/000000_init-25.sql:6197,server/migrations/000000_init-29.sql:1746
2554,琥珀魔力之戒,4,24,戒指,战士|剑客|刺客|药师|术士,True,0,0,104,True,server/migrations/000000_init-25.sql:6210,server/migrations/000000_init-29.sql:1757
2555,翡青魔力之戒,5,30,戒指,战士|剑客|刺客|药师|术士,True,0,0,130,True,server/migrations/000000_init-25.sql:6221,server/migrations/000000_init-29.sql:1768
2556,祖母绿魔力之戒,6,36,戒指,战士|剑客|刺客|药师|术士,True,0,0,156,True,server/migrations/000000_init-25.sql:6232,server/migrations/000000_init-29.sql:1779
2557,蓝宝石魔力之戒,7,42,戒指,战士|剑客|刺客|药师|术士,True,0,0,178,True,server/migrations/000000_init-25.sql:6243,server/migrations/000000_init-29.sql:1790
2558,红宝石魔力之戒,8,48,戒指,战士|剑客|刺客|药师|术士,True,0,0,200,True,server/migrations/000000_init-25.sql:6254,server/migrations/000000_init-29.sql:1801
2559,晶钻魔力之戒,9,54,戒指,战士|剑客|刺客|药师|术士,True,0,0,222,True,server/migrations/000000_init-25.sql:6265,server/migrations/000000_init-29.sql:1812
2560,猫眼石魔力之戒,10,60,戒指,战士|剑客|刺客|药师|术士,True,0,0,245,True,server/migrations/000000_init-25.sql:6276,server/migrations/000000_init-29.sql:1823
2581,铜质武力之戒,1,6,戒指,战士|剑客|刺客|药师|术士,True,0,0,26,True,server/migrations/000000_init-25.sql:6515,server/migrations/000000_init-29.sql:2062
2582,银质武力之戒,2,12,戒指,战士|剑客|刺客|药师|术士,True,0,0,52,True,server/migrations/000000_init-26.sql:1,server/migrations/000000_init-29.sql:2073
2583,金质武力之戒,3,18,戒指,战士|剑客|刺客|药师|术士,True,0,0,78,True,server/migrations/000000_init-26.sql:13,server/migrations/000000_init-29.sql:2085
2584,琥珀武力之戒,4,24,戒指,战士|剑客|刺客|药师|术士,True,0,0,104,True,server/migrations/000000_init-26.sql:24,server/migrations/000000_init-29.sql:2096
2585,翡青武力之戒,5,30,戒指,战士|剑客|刺客|药师|术士,True,0,0,130,True,server/migrations/000000_init-26.sql:35,server/migrations/000000_init-29.sql:2107
2586,祖母绿武力之戒,6,36,戒指,战士|剑客|刺客|药师|术士,True,0,0,156,True,server/migrations/000000_init-26.sql:46,server/migrations/000000_init-29.sql:2118
2587,蓝宝石武力之戒,7,42,戒指,战士|剑客|刺客|药师|术士,True,0,0,178,True,server/migrations/000000_init-26.sql:57,server/migrations/000000_init-29.sql:2129
2588,红宝石武力之戒,8,48,戒指,战士|剑客|刺客|药师|术士,True,0,0,200,True,server/migrations/000000_init-26.sql:68,server/migrations/000000_init-29.sql:2142
2589,晶钻武力之戒,9,54,戒指,战士|剑客|刺客|药师|术士,True,0,0,222,True,server/migrations/000000_init-26.sql:79,server/migrations/000000_init-29.sql:2153
2590,猫眼石武力之戒,10,60,戒指,战士|剑客|刺客|药师|术士,True,0,0,245,True,server/migrations/000000_init-26.sql:92,server/migrations/000000_init-29.sql:2164
2601,精灵之翼,5,30,背包,战士|剑客|刺客|药师|术士,True,0,0,90,True,server/migrations/000000_init-26.sql:216,server/migrations/000000_init-29.sql:2288
2602,恶魔之翼,6,36,背包,战士|剑客|刺客|药师|术士,True,0,0,108,True,server/migrations/000000_init-26.sql:227,server/migrations/000000_init-29.sql:2299
2603,天使之翼,6,36,背包,战士|剑客|刺客|药师|术士,True,0,0,108,True,server/migrations/000000_init-26.sql:239,server/migrations/000000_init-29.sql:2311
2604,雄鹰之翼,4,24,背包,战士|剑客|刺客|药师|术士,True,0,0,72,True,server/migrations/000000_init-26.sql:250,server/migrations/000000_init-29.sql:2322
2605,布包,1,6,背包,战士|剑客|刺客|药师|术士,True,0,0,18,True,server/migrations/000000_init-26.sql:261,server/migrations/000000_init-29.sql:2333
2606,乌龟背包,3,18,背包,战士|剑客|刺客|药师|术士,True,0,0,54,True,server/migrations/000000_init-26.sql:272,server/migrations/000000_init-29.sql:2346
2607,超大蝴蝶结,5,30,背包,战士|剑客|刺客|药师|术士,True,0,0,90,True,server/migrations/000000_init-26.sql:283,server/migrations/000000_init-29.sql:2357
2608,小恶魔尾巴,3,18,背包,战士|剑客|刺客|药师|术士,True,0,0,54,True,server/migrations/000000_init-26.sql:296,server/migrations/000000_init-29.sql:2368
2609,古老的斗笠,2,12,背包,战士|剑客|刺客|药师|术士,True,0,0,36,True,server/migrations/000000_init-26.sql:307,server/migrations/000000_init-29.sql:2379
2610,雪山结晶,4,24,背包,战士|剑客|刺客|药师|术士,True,0,0,72,True,server/migrations/000000_init-26.sql:318,server/migrations/000000_init-29.sql:2390
2701,墨镜,1,6,面具,战士|剑客|刺客|药师|术士,True,0,0,22,True,server/migrations/000000_init-26.sql:848,server/migrations/000000_init-29.sql:3421
2702,舞会假面,2,12,面具,战士|剑客|刺客|药师|术士,True,0,0,44,True,server/migrations/000000_init-26.sql:849,server/migrations/000000_init-29.sql:3432
2703,独眼龙眼罩,3,18,面具,战士|剑客|刺客|药师|术士,True,0,0,66,True,server/migrations/000000_init-26.sql:851,server/migrations/000000_init-29.sql:3444
2704,笑脸面具,3,18,面具,战士|剑客|刺客|药师|术士,True,0,0,66,True,server/migrations/000000_init-26.sql:852,server/migrations/000000_init-29.sql:3455
2705,哭丧面具,3,18,面具,战士|剑客|刺客|药师|术士,True,0,0,66,True,server/migrations/000000_init-26.sql:853,server/migrations/000000_init-29.sql:3468
2706,心型太阳镜,3,18,面具,战士|剑客|刺客|药师|术士,True,0,0,66,True,server/migrations/000000_init-26.sql:854,server/migrations/000000_init-29.sql:3479
2707,口罩,3,18,面具,战士|剑客|刺客|药师|术士,True,0,0,66,True,server/migrations/000000_init-26.sql:855,server/migrations/000000_init-29.sql:3490
2801,初行装（男）,99,0,服装,战士|剑客|刺客|药师|术士,True,1,0,0,False,server/migrations/000000_init-24.sql:9990,server/migrations/000000_init-27.sql:12265
2802,初行装（女）,99,0,服装,战士|剑客|刺客|药师|术士,True,2,0,0,False,server/migrations/000000_init-24.sql:9991,server/migrations/000000_init-27.sql:12276
2803,侠客服（男）,2,10,服装,剑客,False,1,0,50,True,server/migrations/000000_init-24.sql:9993,server/migrations/000000_init-27.sql:12288
2804,侠客服（女）,2,10,服装,剑客,False,2,0,50,True,server/migrations/000000_init-24.sql:9994,server/migrations/000000_init-27.sql:12299
2805,剑侠服（男）,3,20,服装,剑客,False,1,0,75,True,server/migrations/000000_init-24.sql:9995,server/migrations/000000_init-27.sql:12310
2806,剑侠服（女）,3,20,服装,剑客,False,2,0,75,True,server/migrations/000000_init-24.sql:9996,server/migrations/000000_init-27.sql:12323
2807,夜行服（男）,2,10,服装,刺客,False,1,0,50,True,server/migrations/000000_init-24.sql:9997,server/migrations/000000_init-27.sql:12334
2808,夜行服（女）,2,10,服装,刺客,False,2,0,50,True,server/migrations/000000_init-24.sql:9998,server/migrations/000000_init-27.sql:12345
2809,暗皮甲（男）,3,20,服装,刺客,False,1,0,75,True,server/migrations/000000_init-24.sql:9999,server/migrations/000000_init-27.sql:12356
2810,暗皮甲（女）,3,20,服装,刺客,False,2,0,75,True,server/migrations/000000_init-24.sql:10000,server/migrations/000000_init-27.sql:12367
2811,方士服（男）,2,10,服装,药师,False,1,0,50,True,server/migrations/000000_init-24.sql:10001,server/migrations/000000_init-27.sql:12378
2812,方士服（女）,2,10,服装,药师,False,2,0,50,True,server/migrations/000000_init-24.sql:10002,server/migrations/000000_init-27.sql:12389
2813,贤者服（男）,3,20,服装,药师,False,1,0,75,True,server/migrations/000000_init-24.sql:10004,server/migrations/000000_init-27.sql:12401
2814,贤者服（女）,3,20,服装,药师,False,2,0,75,True,server/migrations/000000_init-24.sql:10005,server/migrations/000000_init-27.sql:12412
2815,学徒装（男）,2,10,服装,术士,False,1,0,50,True,server/migrations/000000_init-24.sql:10006,server/migrations/000000_init-27.sql:12425
2816,学徒装（女）,2,10,服装,术士,False,2,0,50,True,server/migrations/000000_init-24.sql:10007,server/migrations/000000_init-27.sql:12436
2817,幻魔服（男）,5,40,服装,术士,False,1,0,125,True,server/migrations/000000_init-24.sql:10008,server/migrations/000000_init-27.sql:12447
2818,幻魔服（女）,5,40,服装,术士,False,2,0,125,True,server/migrations/000000_init-24.sql:10009,server/migrations/000000_init-27.sql:12458
2819,武士服（男）,2,10,服装,战士,False,1,0,50,True,server/migrations/000000_init-24.sql:10010,server/migrations/000000_init-27.sql:12469
2820,武士服（女）,2,10,服装,战士,False,2,0,50,True,server/migrations/000000_init-24.sql:10011,server/migrations/000000_init-27.sql:12480
2821,墨鳞甲（男）,3,20,服装,战士,False,1,0,75,True,server/migrations/000000_init-24.sql:10012,server/migrations/000000_init-27.sql:12491
2822,墨鳞甲（女）,3,20,服装,战士,False,2,0,75,True,server/migrations/000000_init-24.sql:10013,server/migrations/000000_init-27.sql:12502
2823,英雄铠（男）,4,30,服装,剑客,False,1,0,100,True,server/migrations/000000_init-24.sql:10015,server/migrations/000000_init-27.sql:12514
2824,英雄铠（女）,4,30,服装,剑客,False,2,0,100,True,server/migrations/000000_init-24.sql:10016,server/migrations/000000_init-27.sql:12527
2825,紫云甲（男）,4,30,服装,刺客,False,1,0,100,True,server/migrations/000000_init-24.sql:10017,server/migrations/000000_init-27.sql:12538
2826,紫云甲（女）,4,30,服装,刺客,False,2,0,100,True,server/migrations/000000_init-24.sql:10018,server/migrations/000000_init-27.sql:12549
2827,风行服（男）,4,30,服装,药师,False,1,0,100,True,server/migrations/000000_init-24.sql:10019,server/migrations/000000_init-27.sql:12560
2828,风行服（女）,4,30,服装,药师,False,2,0,100,True,server/migrations/000000_init-24.sql:10020,server/migrations/000000_init-27.sql:12571
2829,冥法服（男）,6,48,服装,术士,False,1,0,150,True,server/migrations/000000_init-24.sql:10021,server/migrations/000000_init-27.sql:12582
2830,冥法服（女）,6,48,服装,术士,False,2,0,150,True,server/migrations/000000_init-24.sql:10022,server/migrations/000000_init-27.sql:12593
2831,无双铠（男）,4,30,服装,战士,False,1,0,100,True,server/migrations/000000_init-24.sql:10025,server/migrations/000000_init-27.sql:12604
2832,无双铠（女）,4,30,服装,战士,False,2,0,100,True,server/migrations/000000_init-24.sql:10026,server/migrations/000000_init-27.sql:12615
2863,矿工服装（男）,99,0,服装,战士|剑客|刺客|药师|术士,True,1,0,0,False,server/migrations/000000_init-24.sql:10062,server/migrations/000000_init-27.sql:12969
2864,矿工服装（女）,99,0,服装,战士|剑客|刺客|药师|术士,True,2,0,0,False,server/migrations/000000_init-24.sql:10063,server/migrations/000000_init-27.sql:12980
2865,渔夫装（男）,99,0,服装,战士|剑客|刺客|药师|术士,True,1,0,0,False,server/migrations/000000_init-24.sql:10064,server/migrations/000000_init-27.sql:12991
2866,渔夫装（女）,99,0,服装,战士|剑客|刺客|药师|术士,True,2,0,0,False,server/migrations/000000_init-24.sql:10065,server/migrations/000000_init-27.sql:13002
2867,婚纱装（男）,5,0,服装,战士|剑客|刺客|药师|术士,True,1,0,125,True,server/migrations/000000_init-24.sql:10066,server/migrations/000000_init-27.sql:13013
2868,婚纱装（女）,5,0,服装,战士|剑客|刺客|药师|术士,True,2,0,125,True,server/migrations/000000_init-24.sql:10067,server/migrations/000000_init-27.sql:13024
2869,小鸡装（男）,5,0,服装,战士|剑客|刺客|药师|术士,True,1,0,125,True,server/migrations/000000_init-24.sql:10068,server/migrations/000000_init-27.sql:13037
2870,小鸡装（女）,5,0,服装,战士|剑客|刺客|药师|术士,True,2,0,125,True,server/migrations/000000_init-24.sql:10069,server/migrations/000000_init-27.sql:13048
2871,熊猫装（男）,5,0,服装,战士|剑客|刺客|药师|术士,True,1,0,125,True,server/migrations/000000_init-24.sql:10070,server/migrations/000000_init-27.sql:13059
2872,熊猫装（女）,5,0,服装,战士|剑客|刺客|药师|术士,True,2,0,125,True,server/migrations/000000_init-24.sql:10071,server/migrations/000000_init-27.sql:13070
2873,内衣装（男）,99,0,,,False,0,0,0,False,server/migrations/000000_init-24.sql:10073,server/migrations/000000_init-27.sql:13082
2874,内衣装（女）,99,0,,,False,0,0,0,False,server/migrations/000000_init-24.sql:10074,server/migrations/000000_init-27.sql:13093
2875,初行者装（男）,99,1,服装,战士|剑客|刺客|药师|术士,True,1,0,0,False,server/migrations/000000_init-24.sql:10075,server/migrations/000000_init-27.sql:13104
2876,初行者装（女）,99,1,服装,战士|剑客|刺客|药师|术士,True,2,0,0,False,server/migrations/000000_init-24.sql:10076,server/migrations/000000_init-27.sql:13115
2877,火枪手（男）,5,0,服装,战士|剑客|刺客|药师|术士,True,1,0,125,True,server/migrations/000000_init-24.sql:10077,server/migrations/000000_init-27.sql:13126
2878,火枪手（女）,5,0,服装,战士|剑客|刺客|药师|术士,True,2,0,125,True,server/migrations/000000_init-24.sql:10078,server/migrations/000000_init-27.sql:13139
2879,海盗（男）,5,0,服装,战士|剑客|刺客|药师|术士,True,1,0,125,True,server/migrations/000000_init-24.sql:10079,server/migrations/000000_init-27.sql:13150
2880,海盗（女）,5,0,服装,战士|剑客|刺客|药师|术士,True,2,0,125,True,server/migrations/000000_init-24.sql:10080,server/migrations/000000_init-27.sql:13161
2881,超刺客装（男）,99,60,服装,战士|剑客|刺客|药师|术士,True,1,0,0,False,server/migrations/000000_init-24.sql:10081,server/migrations/000000_init-27.sql:13172
2882,超刺客装（女）,99,60,服装,战士|剑客|刺客|药师|术士,True,2,0,0,False,server/migrations/000000_init-24.sql:10082,server/migrations/000000_init-27.sql:13183
2883,刚鳞甲（男）,5,40,服装,刺客,False,1,0,125,True,server/migrations/000000_init-24.sql:10084,server/migrations/000000_init-27.sql:13195
2884,刚鳞甲（女）,5,40,服装,刺客,False,2,0,125,True,server/migrations/000000_init-24.sql:10085,server/migrations/000000_init-27.sql:13206
2885,剑圣铠（男）,5,40,服装,剑客,False,1,0,125,True,server/migrations/000000_init-24.sql:10086,server/migrations/000000_init-27.sql:13217
2886,剑圣铠（女）,5,40,服装,剑客,False,2,0,125,True,server/migrations/000000_init-24.sql:10087,server/migrations/000000_init-27.sql:13228
2887,济世服（男）,5,40,服装,药师,False,1,0,125,True,server/migrations/000000_init-24.sql:10088,server/migrations/000000_init-27.sql:13241
2888,济世服（女）,5,40,服装,药师,False,2,0,125,True,server/migrations/000000_init-24.sql:10089,server/migrations/000000_init-27.sql:13252
2889,术师装（男）,3,20,服装,术士,False,1,0,75,True,server/migrations/000000_init-24.sql:10090,server/migrations/000000_init-27.sql:13263
2890,术师装（女）,3,20,服装,术士,False,2,0,75,True,server/migrations/000000_init-24.sql:10091,server/migrations/000000_init-27.sql:13274
2891,黑麒铠（男）,5,40,服装,战士,False,1,0,125,True,server/migrations/000000_init-24.sql:10092,server/migrations/000000_init-27.sql:13285
2892,黑麒铠（女）,5,40,服装,战士,False,2,0,125,True,server/migrations/000000_init-24.sql:10093,server/migrations/000000_init-27.sql:13296
2893,龙吟铠（男）,6,48,服装,剑客,False,1,0,150,True,server/migrations/000000_init-24.sql:10095,server/migrations/000000_init-27.sql:13308
2894,龙吟铠（女）,6,48,服装,剑客,False,2,0,150,True,server/migrations/000000_init-24.sql:10096,server/migrations/000000_init-27.sql:13319
2895,青龙铠（男）,6,48,服装,刺客,False,1,0,150,True,server/migrations/000000_init-24.sql:10097,server/migrations/000000_init-27.sql:13330
2896,青龙铠（女）,6,48,服装,刺客,False,2,0,150,True,server/migrations/000000_init-24.sql:10098,server/migrations/000000_init-27.sql:13343
2897,导师服（男）,4,30,服装,术士,False,1,0,100,True,server/migrations/000000_init-24.sql:10099,server/migrations/000000_init-27.sql:13354
2898,导师服（女）,4,30,服装,术士,False,2,0,100,True,server/migrations/000000_init-24.sql:10100,server/migrations/000000_init-27.sql:13365
2899,圣贤服（男）,6,48,服装,药师,False,1,0,150,True,server/migrations/000000_init-24.sql:10101,server/migrations/000000_init-27.sql:13376
2900,圣贤服（女）,6,48,服装,药师,False,2,0,150,True,server/migrations/000000_init-24.sql:10102,server/migrations/000000_init-27.sql:13387
2901,朱雀铠（男）,6,48,服装,战士,False,1,0,150,True,server/migrations/000000_init-24.sql:10103,server/migrations/000000_init-27.sql:13398
2902,朱雀铠（女）,6,48,服装,战士,False,2,0,150,True,server/migrations/000000_init-24.sql:10104,server/migrations/000000_init-27.sql:13409
2903,祭司服（男）,5,0,服装,战士|剑客|刺客|药师|术士,True,1,0,125,True,server/migrations/000000_init-24.sql:10106,server/migrations/000000_init-27.sql:13421
2904,祭司服（女）,5,0,服装,战士|剑客|刺客|药师|术士,True,2,0,125,True,server/migrations/000000_init-24.sql:10107,server/migrations/000000_init-27.sql:13432
2905,生活服（男）,5,0,服装,战士|剑客|刺客|药师|术士,True,1,0,125,True,server/migrations/000000_init-24.sql:10108,server/migrations/000000_init-27.sql:13445
2906,仕女服（女）,5,0,服装,战士|剑客|刺客|药师|术士,True,2,0,125,True,server/migrations/000000_init-24.sql:10109,server/migrations/000000_init-27.sql:13456
8001,幻念之剑,99,6,长剑,剑客,True,0,0,0,False,server/migrations/000000_init-24.sql:10216,server/migrations/000000_init-28.sql:8521
8002,幻念之杖,99,6,法杖,药师|术士,True,0,0,0,False,server/migrations/000000_init-24.sql:10217,server/migrations/000000_init-28.sql:8522
8003,幻念之枪,99,6,长枪,战士,True,0,0,0,False,server/migrations/000000_init-24.sql:10219,server/migrations/000000_init-28.sql:8523
8004,幻念双刃,99,6,双刃,刺客,True,0,0,0,False,server/migrations/000000_init-24.sql:10220,server/migrations/000000_init-28.sql:8525
9388,飞天光翼,99,0,,战士|剑客|刺客|药师|术士,False,0,0,0,False,server/migrations/000000_init-24.sql:10393,server/migrations/000000_init-28.sql:8696
9501,刺客男1,7,60,服装,刺客,False,1,0,171,True,server/migrations/000000_init-24.sql:10426,server/migrations/000000_init-28.sql:8731
9502,刺客女1,7,60,服装,刺客,False,2,0,171,True,server/migrations/000000_init-24.sql:10427,server/migrations/000000_init-28.sql:8732
9503,刺客男2,8,70,服装,刺客,False,1,0,192,True,server/migrations/000000_init-24.sql:10428,server/migrations/000000_init-28.sql:8733
9504,刺客女2,8,70,服装,刺客,False,2,0,192,True,server/migrations/000000_init-24.sql:10429,server/migrations/000000_init-28.sql:8734
9505,刺客男3,9,80,服装,刺客,False,1,0,213,True,server/migrations/000000_init-24.sql:10430,server/migrations/000000_init-28.sql:8735
9506,刺客女3,9,80,服装,刺客,False,2,0,213,True,server/migrations/000000_init-24.sql:10433,server/migrations/000000_init-28.sql:8736
9601,法师男1,7,60,服装,术士,False,1,0,171,True,server/migrations/000000_init-24.sql:10541,server/migrations/000000_init-28.sql:8844
9602,法师女1,7,60,服装,术士,False,2,0,171,True,server/migrations/000000_init-24.sql:10542,server/migrations/000000_init-28.sql:8845
9603,法师男2,8,70,服装,术士,False,1,0,192,True,server/migrations/000000_init-24.sql:10543,server/migrations/000000_init-28.sql:8846
9604,法师女2,8,70,服装,术士,False,2,0,192,True,server/migrations/000000_init-24.sql:10544,server/migrations/000000_init-28.sql:8847
9605,法师男3,9,80,服装,术士,False,1,0,213,True,server/migrations/000000_init-24.sql:10545,server/migrations/000000_init-28.sql:8848
9606,法师女3,9,80,服装,术士,False,2,0,213,True,server/migrations/000000_init-24.sql:10546,server/migrations/000000_init-28.sql:8849
9701,剑客男1,7,60,服装,剑客,False,1,0,171,True,server/migrations/000000_init-24.sql:10577,server/migrations/000000_init-28.sql:8880
9702,剑客女1,7,60,服装,剑客,False,2,0,171,True,server/migrations/000000_init-24.sql:10578,server/migrations/000000_init-28.sql:8881
9703,剑客男2,8,70,服装,剑客,False,1,0,192,True,server/migrations/000000_init-24.sql:10579,server/migrations/000000_init-28.sql:8882
9704,剑客女2,8,70,服装,剑客,False,2,0,192,True,server/migrations/000000_init-24.sql:10580,server/migrations/000000_init-28.sql:8883
9705,剑客男3,9,80,服装,剑客,False,1,0,213,True,server/migrations/000000_init-24.sql:10582,server/migrations/000000_init-28.sql:8884
9706,剑客女3,9,80,服装,剑客,False,2,0,213,True,server/migrations/000000_init-24.sql:10583,server/migrations/000000_init-28.sql:8886
9801,药师男1,7,60,服装,药师,False,1,0,171,True,server/migrations/000000_init-24.sql:10586,server/migrations/000000_init-28.sql:8889
9802,药师女1,7,60,服装,药师,False,2,0,171,True,server/migrations/000000_init-24.sql:10587,server/migrations/000000_init-28.sql:8890
9803,药师男2,8,70,服装,药师,False,1,0,192,True,server/migrations/000000_init-24.sql:10588,server/migrations/000000_init-28.sql:8891
9804,药师女2,8,70,服装,药师,False,2,0,192,True,server/migrations/000000_init-24.sql:10589,server/migrations/000000_init-28.sql:8892
9805,药师男3,9,80,服装,药师,False,1,0,213,True,server/migrations/000000_init-24.sql:10590,server/migrations/000000_init-28.sql:8893
9806,药师女3,9,80,服装,药师,False,2,0,213,True,server/migrations/000000_init-24.sql:10591,server/migrations/000000_init-28.sql:8894
9901,战士男1,7,60,服装,战士,False,1,0,171,True,server/migrations/000000_init-24.sql:10595,server/migrations/000000_init-28.sql:8900
9902,战士女1,7,60,服装,战士,False,2,0,171,True,server/migrations/000000_init-24.sql:10596,server/migrations/000000_init-28.sql:8901
9903,战士男2,8,70,服装,战士,False,1,0,192,True,server/migrations/000000_init-24.sql:10597,server/migrations/000000_init-28.sql:8902
9904,战士女2,8,70,服装,战士,False,2,0,192,True,server/migrations/000000_init-24.sql:10598,server/migrations/000000_init-28.sql:8903
9905,战士男3,9,80,服装,战士,False,1,0,213,True,server/migrations/000000_init-24.sql:10599,server/migrations/000000_init-28.sql:8904
9906,战士女3,9,80,服装,战士,False,2,0,213,True,server/migrations/000000_init-24.sql:10600,server/migrations/000000_init-28.sql:8905
15001,化灵宝剑,21,60,长剑,剑客,False,0,0,0,False,server/migrations/000000_init-24.sql:10605,server/migrations/000000_init-29.sql:2760
15002,封仪祭剑,22,66,长剑,剑客,False,0,0,0,False,server/migrations/000000_init-24.sql:10606,server/migrations/000000_init-29.sql:2761
15003,玉清玄刃,23,72,长剑,剑客,False,0,0,0,False,server/migrations/000000_init-24.sql:10607,server/migrations/000000_init-29.sql:2762
15004,妖斩,24,78,长剑,剑客,False,0,0,0,False,server/migrations/000000_init-24.sql:10608,server/migrations/000000_init-29.sql:2763
15005,狱龙斩,25,84,长剑,剑客,False,0,0,0,False,server/migrations/000000_init-24.sql:10609,server/migrations/000000_init-29.sql:2767
15006,天瑞朱刃,26,90,长剑,剑客,False,0,0,0,False,server/migrations/000000_init-24.sql:10610,server/migrations/000000_init-29.sql:2768
15007,朱雀神剑,27,96,长剑,剑客,False,0,0,0,False,server/migrations/000000_init-24.sql:10611,server/migrations/000000_init-29.sql:2769
15008,缚魂邪剑,28,102,长剑,剑客,False,0,0,0,False,server/migrations/000000_init-24.sql:10612,server/migrations/000000_init-29.sql:2770
15009,仙魄玄剑,29,108,长剑,剑客,False,0,0,0,False,server/migrations/000000_init-24.sql:10613,server/migrations/000000_init-29.sql:2771
15018,工布,21,60,双手剑,剑客,False,0,0,0,False,server/migrations/000000_init-24.sql:10614,server/migrations/000000_init-29.sql:2772
15019,华光神剑,22,66,双手剑,剑客,False,0,0,0,False,server/migrations/000000_init-24.sql:10616,server/migrations/000000_init-29.sql:2773
15020,幽都王剑,23,72,双手剑,剑客,False,0,0,0,False,server/migrations/000000_init-24.sql:10617,server/migrations/000000_init-29.sql:2774
15021,古玉仙剑,24,78,双手剑,剑客,False,0,0,0,False,server/migrations/000000_init-24.sql:10618,server/migrations/000000_init-29.sql:2775
15022,神月,25,84,双手剑,剑客,False,0,0,0,False,server/migrations/000000_init-24.sql:10619,server/migrations/000000_init-29.sql:2776
15023,雷纹天刀,26,90,双手剑,剑客,False,0,0,0,False,server/migrations/000000_init-24.sql:10620,server/migrations/000000_init-29.sql:2778
15024,秘剑·灵轨,27,96,双手剑,剑客,False,0,0,0,False,server/migrations/000000_init-24.sql:10621,server/migrations/000000_init-29.sql:2779
15025,银剑·瓦拉斯,28,102,双手剑,剑客,False,0,0,0,False,server/migrations/000000_init-24.sql:10622,server/migrations/000000_init-29.sql:2780
15026,天剑·宿曜,29,108,双手剑,剑客,False,0,0,0,False,server/migrations/000000_init-24.sql:10623,server/migrations/000000_init-29.sql:2781
15034,精制锄,99,1,双手剑,战士|剑客|刺客|药师|术士,True,0,0,0,False,server/migrations/000000_init-24.sql:10624,server/migrations/000000_init-29.sql:2782
15035,方天画戟,21,60,长枪,战士,False,0,0,0,False,server/migrations/000000_init-24.sql:10625,server/migrations/000000_init-29.sql:2783
15036,火纹金戟,22,66,长枪,战士,False,0,0,0,False,server/migrations/000000_init-24.sql:10627,server/migrations/000000_init-29.sql:2784
15037,雷荧枪,23,72,长枪,战士,False,0,0,0,False,server/migrations/000000_init-24.sql:10628,server/migrations/000000_init-29.sql:2785
15038,牙旋,24,78,长枪,战士,False,0,0,0,False,server/migrations/000000_init-24.sql:10629,server/migrations/000000_init-29.sql:2786
15039,黑玉玄戈,25,84,长枪,战士,False,0,0,0,False,server/migrations/000000_init-24.sql:10630,server/migrations/000000_init-29.sql:2787
15040,龙王戟,26,90,长枪,战士,False,0,0,0,False,server/migrations/000000_init-24.sql:10631,server/migrations/000000_init-29.sql:2789
15041,破军王戟,27,96,长枪,战士,False,0,0,0,False,server/migrations/000000_init-24.sql:10632,server/migrations/000000_init-29.sql:2790
15042,华穹破月,28,102,长枪,战士,False,0,0,0,False,server/migrations/000000_init-24.sql:10633,server/migrations/000000_init-29.sql:2791
15043,紫炎电戟,29,108,长枪,战士,False,0,0,0,False,server/migrations/000000_init-24.sql:10634,server/migrations/000000_init-29.sql:2792
15052,碧吻蛇刺,21,60,双刃,刺客,False,0,0,0,False,server/migrations/000000_init-24.sql:10637,server/migrations/000000_init-29.sql:2793
15053,雷绛短刃,22,66,双刃,刺客,False,0,0,0,False,server/migrations/000000_init-24.sql:10638,server/migrations/000000_init-29.sql:2794
15054,玄乌玉刺,23,72,双刃,刺客,False,0,0,0,False,server/migrations/000000_init-24.sql:10640,server/migrations/000000_init-29.sql:2795
15055,辰星仙匕,24,78,双刃,刺客,False,0,0,0,False,server/migrations/000000_init-24.sql:10641,server/migrations/000000_init-29.sql:2796
15056,坠仙黑刃,25,84,双刃,刺客,False,0,0,0,False,server/migrations/000000_init-24.sql:10642,server/migrations/000000_init-29.sql:2797
15057,华辰碎玉,26,90,双刃,刺客,False,0,0,0,False,server/migrations/000000_init-24.sql:10643,server/migrations/000000_init-29.sql:2798
15058,乘黄雷角,27,96,双刃,刺客,False,0,0,0,False,server/migrations/000000_init-24.sql:10644,server/migrations/000000_init-29.sql:2800
15059,九幽鬼刺,28,102,双刃,刺客,False,0,0,0,False,server/migrations/000000_init-24.sql:10645,server/migrations/000000_init-29.sql:2801
15060,神怒匕,29,108,双刃,刺客,False,0,0,0,False,server/migrations/000000_init-24.sql:10646,server/migrations/000000_init-29.sql:2802
15069,妖磷,21,60,暗器,刺客,False,0,0,0,False,server/migrations/000000_init-24.sql:10647,server/migrations/000000_init-29.sql:2803
15070,琉璃星镖,22,66,暗器,刺客,False,0,0,0,False,server/migrations/000000_init-24.sql:10648,server/migrations/000000_init-29.sql:2804
15071,紫炎煌雷,23,72,暗器,刺客,False,0,0,0,False,server/migrations/000000_init-24.sql:10649,server/migrations/000000_init-29.sql:2805
15072,青炎神针,24,78,暗器,刺客,False,0,0,0,False,server/migrations/000000_init-24.sql:10651,server/migrations/000000_init-29.sql:2806
15073,神陨,25,84,暗器,刺客,False,0,0,0,False,server/migrations/000000_init-24.sql:10652,server/migrations/000000_init-29.sql:2807
15074,封雷天轮,26,90,暗器,刺客,False,0,0,0,False,server/migrations/000000_init-24.sql:10653,server/migrations/000000_init-29.sql:2808
15075,天罡神印,27,96,暗器,刺客,False,0,0,0,False,server/migrations/000000_init-24.sql:10654,server/migrations/000000_init-29.sql:2809
15076,胧影鬼刃,28,102,暗器,刺客,False,0,0,0,False,server/migrations/000000_init-24.sql:10655,server/migrations/000000_init-29.sql:2811
15077,玄针·慑神,29,108,暗器,刺客,False,0,0,0,False,server/migrations/000000_init-24.sql:10656,server/migrations/000000_init-29.sql:2812
15086,仙音杖,21,60,法杖,术士,False,0,0,0,False,server/migrations/000000_init-24.sql:10657,server/migrations/000000_init-29.sql:2813
15087,紫云法杖,22,66,法杖,术士,False,0,0,0,False,server/migrations/000000_init-24.sql:10658,server/migrations/000000_init-29.sql:2814
15088,化魄玄杖,23,72,法杖,术士,False,0,0,0,False,server/migrations/000000_init-24.sql:10659,server/migrations/000000_init-29.sql:2815
15089,凝寒仙杖,24,78,法杖,术士,False,0,0,0,False,server/migrations/000000_init-24.sql:10660,server/migrations/000000_init-29.sql:2816
15090,赤炎妖杖,25,84,法杖,术士,False,0,0,0,False,server/migrations/000000_init-24.sql:10662,server/migrations/000000_init-29.sql:2817
15091,梵天神杖,26,90,法杖,术士,False,0,0,0,False,server/migrations/000000_init-24.sql:10663,server/migrations/000000_init-29.sql:2818
15092,冥契妖杖,27,96,法杖,术士,False,0,0,0,False,server/migrations/000000_init-24.sql:10664,server/migrations/000000_init-29.sql:2819
15093,苍月宝杖,28,102,法杖,术士,False,0,0,0,False,server/migrations/000000_init-24.sql:10665,server/migrations/000000_init-29.sql:2820
15094,紫玉神杖,29,108,法杖,术士,False,0,0,0,False,server/migrations/000000_init-24.sql:10666,server/migrations/000000_init-29.sql:2822
15103,邪王盾,21,60,盾牌,剑客,False,0,0,0,False,server/migrations/000000_init-24.sql:10667,server/migrations/000000_init-29.sql:2823
15104,华凌天盾,22,66,盾牌,剑客,False,0,0,0,False,server/migrations/000000_init-24.sql:10668,server/migrations/000000_init-29.sql:2824
15105,玄华鬼墙,23,72,盾牌,剑客,False,0,0,0,False,server/migrations/000000_init-24.sql:10669,server/migrations/000000_init-29.sql:2825
15106,天启玉盾,24,78,盾牌,剑客,False,0,0,0,False,server/migrations/000000_init-24.sql:10670,server/migrations/000000_init-29.sql:2826
15107,天王神盾,25,84,盾牌,剑客,False,0,0,0,False,server/migrations/000000_init-24.sql:10671,server/migrations/000000_init-29.sql:2827
15108,古璧玉盾,26,90,盾牌,剑客,False,0,0,0,False,server/migrations/000000_init-24.sql:10673,server/migrations/000000_init-29.sql:2828
15109,神悯盾,27,96,盾牌,剑客,False,0,0,0,False,server/migrations/000000_init-24.sql:10674,server/migrations/000000_init-29.sql:2829
15110,天噬,28,102,盾牌,剑客,False,0,0,0,False,server/migrations/000000_init-24.sql:10675,server/migrations/000000_init-29.sql:2830
15111,玄寒妖盾,29,108,盾牌,剑客,False,0,0,0,False,server/migrations/000000_init-24.sql:10676,server/migrations/000000_init-29.sql:2831
15120,法灵宝杖,21,60,法杖,药师,False,0,0,0,False,server/migrations/000000_init-24.sql:10677,server/migrations/000000_init-29.sql:2833
15121,净灵仙杖,22,66,法杖,药师,False,0,0,0,False,server/migrations/000000_init-24.sql:10678,server/migrations/000000_init-29.sql:2834
15122,紫云仙杖,23,72,法杖,药师,False,0,0,0,False,server/migrations/000000_init-24.sql:10679,server/migrations/000000_init-29.sql:2835
15123,灵华玉杖,24,78,法杖,药师,False,0,0,0,False,server/migrations/000000_init-24.sql:10680,server/migrations/000000_init-29.sql:2836
15124,华莹宝杖,25,84,法杖,药师,False,0,0,0,False,server/migrations/000000_init-24.sql:10681,server/migrations/000000_init-29.sql:2837
15125,神农玄杖,26,90,法杖,药师,False,0,0,0,False,server/migrations/000000_init-24.sql:10682,server/migrations/000000_init-29.sql:2838
15126,大罗天杖,27,96,法杖,药师,False,0,0,0,False,server/migrations/000000_init-24.sql:10684,server/migrations/000000_init-29.sql:2839
15127,天瑞神杖,28,102,法杖,药师,False,0,0,0,False,server/migrations/000000_init-24.sql:10685,server/migrations/000000_init-29.sql:2840
15128,天仪宝杖,29,108,法杖,药师,False,0,0,0,False,server/migrations/000000_init-24.sql:10686,server/migrations/000000_init-29.sql:2841
20001,玄金玉甲（男）,21,60,服装,剑客,False,1,0,0,False,server/migrations/000000_init-24.sql:10749,server/migrations/000000_init-29.sql:2905
20002,玄金玉甲（女）,21,60,服装,剑客,False,2,0,0,False,server/migrations/000000_init-24.sql:10750,server/migrations/000000_init-29.sql:2906
20003,剑宗宝甲（男）,22,66,服装,剑客,False,1,0,0,False,server/migrations/000000_init-24.sql:10751,server/migrations/000000_init-29.sql:2907
20004,剑宗宝甲（女）,22,66,服装,剑客,False,2,0,0,False,server/migrations/000000_init-24.sql:10753,server/migrations/000000_init-29.sql:2908
20005,华莲金甲（男）,23,72,服装,剑客,False,1,0,0,False,server/migrations/000000_init-24.sql:10754,server/migrations/000000_init-29.sql:2909
20006,华莲金甲（女）,23,72,服装,剑客,False,2,0,0,False,server/migrations/000000_init-24.sql:10755,server/migrations/000000_init-29.sql:2910
20007,破妖仙甲（男）,24,78,服装,剑客,False,1,0,0,False,server/migrations/000000_init-24.sql:10756,server/migrations/000000_init-29.sql:2911
20008,破妖仙甲（女）,24,78,服装,剑客,False,2,0,0,False,server/migrations/000000_init-24.sql:10757,server/migrations/000000_init-29.sql:2913
20009,罗仙神甲（男）,25,84,服装,剑客,False,1,0,0,False,server/migrations/000000_init-24.sql:10758,server/migrations/000000_init-29.sql:2914
20010,罗仙神甲（女）,25,84,服装,剑客,False,2,0,0,False,server/migrations/000000_init-24.sql:10759,server/migrations/000000_init-29.sql:2915
20011,青冥妖甲（男）,26,90,服装,剑客,False,1,0,0,False,server/migrations/000000_init-24.sql:10760,server/migrations/000000_init-29.sql:2916
20012,青冥妖甲（女）,26,90,服装,剑客,False,2,0,0,False,server/migrations/000000_init-24.sql:10761,server/migrations/000000_init-29.sql:2917
20013,混沌宝甲（男）,27,96,服装,剑客,False,1,0,0,False,server/migrations/000000_init-24.sql:10762,server/migrations/000000_init-29.sql:2918
20014,混沌宝甲（女）,27,96,服装,剑客,False,2,0,0,False,server/migrations/000000_init-24.sql:10764,server/migrations/000000_init-29.sql:2919
20027,慑魔天铠（男）,27,96,服装,战士,False,1,0,0,False,server/migrations/000000_init-24.sql:10778,server/migrations/000000_init-29.sql:2933
20028,慑魔天铠（女）,27,96,服装,战士,False,2,0,0,False,server/migrations/000000_init-24.sql:10779,server/migrations/000000_init-29.sql:2935
20035,玄铁重铠（男）,21,60,服装,战士,False,1,0,0,False,server/migrations/000000_init-24.sql:10787,server/migrations/000000_init-29.sql:2942
20036,玄铁重铠（女）,21,60,服装,战士,False,2,0,0,False,server/migrations/000000_init-24.sql:10788,server/migrations/000000_init-29.sql:2943
20037,神锦铁铠（男）,22,66,服装,战士,False,1,0,0,False,server/migrations/000000_init-24.sql:10789,server/migrations/000000_init-29.sql:2944
20038,神锦铁铠（女）,22,66,服装,战士,False,2,0,0,False,server/migrations/000000_init-24.sql:10790,server/migrations/000000_init-29.sql:2946
20039,龙麟金铠（男）,23,72,服装,战士,False,1,0,0,False,server/migrations/000000_init-24.sql:10791,server/migrations/000000_init-29.sql:2949
20040,龙麟金铠（女）,23,72,服装,战士,False,2,0,0,False,server/migrations/000000_init-24.sql:10792,server/migrations/000000_init-29.sql:2950
20041,辟法玄铠（男）,24,78,服装,战士,False,1,0,0,False,server/migrations/000000_init-24.sql:10793,server/migrations/000000_init-29.sql:2951
20042,辟法玄铠（女）,24,78,服装,战士,False,2,0,0,False,server/migrations/000000_init-24.sql:10794,server/migrations/000000_init-29.sql:2952
20043,紫金神铠（男）,25,84,服装,战士,False,1,0,0,False,server/migrations/000000_init-24.sql:10795,server/migrations/000000_init-29.sql:2953
20044,紫金神铠（女）,25,84,服装,战士,False,2,0,0,False,server/migrations/000000_init-24.sql:10797,server/migrations/000000_init-29.sql:2954
20045,灵神天铠（男）,26,90,服装,战士,False,1,0,0,False,server/migrations/000000_init-24.sql:10798,server/migrations/000000_init-29.sql:2955
20046,灵神天铠（女）,26,90,服装,战士,False,2,0,0,False,server/migrations/000000_init-24.sql:10799,server/migrations/000000_init-29.sql:2956
20069,金丝缠甲（男）,21,60,服装,刺客,False,1,0,0,False,server/migrations/000000_init-24.sql:10824,server/migrations/000000_init-29.sql:2982
20070,金丝缠甲（女）,21,60,服装,刺客,False,2,0,0,False,server/migrations/000000_init-24.sql:10825,server/migrations/000000_init-29.sql:2983
20071,古玉轻甲（男）,22,66,服装,刺客,False,1,0,0,False,server/migrations/000000_init-24.sql:10826,server/migrations/000000_init-29.sql:2984
20072,古玉轻甲（女）,22,66,服装,刺客,False,2,0,0,False,server/migrations/000000_init-24.sql:10827,server/migrations/000000_init-29.sql:2985
20073,华辰暗甲（男）,23,72,服装,刺客,False,1,0,0,False,server/migrations/000000_init-24.sql:10828,server/migrations/000000_init-29.sql:2986
20074,华辰暗甲（女）,23,72,服装,刺客,False,2,0,0,False,server/migrations/000000_init-24.sql:10831,server/migrations/000000_init-29.sql:2987
20075,神风御甲（男）,24,78,服装,刺客,False,1,0,0,False,server/migrations/000000_init-24.sql:10832,server/migrations/000000_init-29.sql:2988
20076,神风御甲（女）,24,78,服装,刺客,False,2,0,0,False,server/migrations/000000_init-24.sql:10833,server/migrations/000000_init-29.sql:2989
20077,惊神魔甲（男）,25,84,服装,刺客,False,1,0,0,False,server/migrations/000000_init-24.sql:10834,server/migrations/000000_init-29.sql:2990
20078,惊神魔甲（女）,25,84,服装,刺客,False,2,0,0,False,server/migrations/000000_init-24.sql:10835,server/migrations/000000_init-29.sql:2993
20079,蚀魂幽甲（男）,26,90,服装,刺客,False,1,0,0,False,server/migrations/000000_init-24.sql:10836,server/migrations/000000_init-29.sql:2994
20080,蚀魂幽甲（女）,26,90,服装,刺客,False,2,0,0,False,server/migrations/000000_init-24.sql:10837,server/migrations/000000_init-29.sql:2995
20081,冥契妖甲（男）,27,96,服装,刺客,False,1,0,0,False,server/migrations/000000_init-24.sql:10838,server/migrations/000000_init-29.sql:2996
20082,冥契妖甲（女）,27,96,服装,刺客,False,2,0,0,False,server/migrations/000000_init-24.sql:10841,server/migrations/000000_init-29.sql:2997
20103,黑炎法袍（男）,21,60,服装,术士,False,1,0,0,False,server/migrations/000000_init-24.sql:10864,server/migrations/000000_init-29.sql:3020
20104,黑炎法袍（女）,21,60,服装,术士,False,2,0,0,False,server/migrations/000000_init-24.sql:10866,server/migrations/000000_init-29.sql:3021
20105,冷月神袍（男）,22,66,服装,术士,False,1,0,0,False,server/migrations/000000_init-24.sql:10867,server/migrations/000000_init-29.sql:3022
20106,冷月神袍（女）,22,66,服装,术士,False,2,0,0,False,server/migrations/000000_init-24.sql:10868,server/migrations/000000_init-29.sql:3023
20107,玄心玉袍（男）,23,72,服装,术士,False,1,0,0,False,server/migrations/000000_init-24.sql:10869,server/migrations/000000_init-29.sql:3024
20108,玄心玉袍（女）,23,72,服装,术士,False,2,0,0,False,server/migrations/000000_init-24.sql:10870,server/migrations/000000_init-29.sql:3026
20109,火浣银纱（男）,24,78,服装,术士,False,1,0,0,False,server/migrations/000000_init-24.sql:10871,server/migrations/000000_init-29.sql:3027
20110,火浣银纱（女）,24,78,服装,术士,False,2,0,0,False,server/migrations/000000_init-24.sql:10872,server/migrations/000000_init-29.sql:3028
20111,玉仙云绣（男）,25,84,服装,术士,False,1,0,0,False,server/migrations/000000_init-24.sql:10873,server/migrations/000000_init-29.sql:3029
20112,玉仙云绣（女）,25,84,服装,术士,False,2,0,0,False,server/migrations/000000_init-24.sql:10874,server/migrations/000000_init-29.sql:3030
20113,胧影仙衣（男）,26,90,服装,术士,False,1,0,0,False,server/migrations/000000_init-24.sql:10875,server/migrations/000000_init-29.sql:3031
20114,胧影仙衣（女）,26,90,服装,术士,False,2,0,0,False,server/migrations/000000_init-24.sql:10877,server/migrations/000000_init-29.sql:3032
20115,凤羽华裳（男）,27,96,服装,术士,False,1,0,0,False,server/migrations/000000_init-24.sql:10878,server/migrations/000000_init-29.sql:3033
20116,凤羽华裳（女）,27,96,服装,术士,False,2,0,0,False,server/migrations/000000_init-24.sql:10879,server/migrations/000000_init-29.sql:3034
20137,驭法仙衣（男）,21,60,服装,药师,False,1,0,0,False,server/migrations/000000_init-24.sql:10902,server/migrations/000000_init-29.sql:3059
20138,驭法仙衣（女）,21,60,服装,药师,False,2,0,0,False,server/migrations/000000_init-24.sql:10903,server/migrations/000000_init-29.sql:3061
20139,金乌天袍（男）,22,66,服装,药师,False,1,0,0,False,server/migrations/000000_init-24.sql:10904,server/migrations/000000_init-29.sql:3062
20140,金乌天袍（女）,22,66,服装,药师,False,2,0,0,False,server/migrations/000000_init-24.sql:10905,server/migrations/000000_init-29.sql:3063
20141,舞风霓裳（男）,23,72,服装,药师,False,1,0,0,False,server/migrations/000000_init-24.sql:10906,server/migrations/000000_init-29.sql:3064
20142,舞风霓裳（女）,23,72,服装,药师,False,2,0,0,False,server/migrations/000000_init-24.sql:10907,server/migrations/000000_init-29.sql:3065
20143,瑶池羽衣（男）,24,78,服装,药师,False,1,0,0,False,server/migrations/000000_init-24.sql:10908,server/migrations/000000_init-29.sql:3066
20144,瑶池羽衣（女）,24,78,服装,药师,False,2,0,0,False,server/migrations/000000_init-24.sql:10910,server/migrations/000000_init-29.sql:3067
20145,幻雾云袍（男）,25,84,服装,药师,False,1,0,0,False,server/migrations/000000_init-24.sql:10911,server/migrations/000000_init-29.sql:3068
20146,幻雾云袍（女）,25,84,服装,药师,False,2,0,0,False,server/migrations/000000_init-24.sql:10912,server/migrations/000000_init-29.sql:3069
20147,紫微仙衣（男）,26,90,服装,药师,False,1,0,0,False,server/migrations/000000_init-24.sql:10913,server/migrations/000000_init-29.sql:3070
20148,紫微仙衣（女）,26,90,服装,药师,False,2,0,0,False,server/migrations/000000_init-24.sql:10914,server/migrations/000000_init-29.sql:3072
20149,云渺天纱（男）,27,96,服装,药师,False,1,0,0,False,server/migrations/000000_init-24.sql:10915,server/migrations/000000_init-29.sql:3073
20150,云渺天纱（女）,27,96,服装,药师,False,2,0,0,False,server/migrations/000000_init-24.sql:10916,server/migrations/000000_init-29.sql:3074
20249,荡妖宝铠（女）,28,102,服装,战士,False,2,0,0,False,server/migrations/000000_init-24.sql:11028,server/migrations/000000_init-29.sql:3186
20250,荡妖宝铠（男）,28,102,服装,战士,False,1,0,0,False,server/migrations/000000_init-24.sql:11029,server/migrations/000000_init-29.sql:3187
20251,追魄战甲（女）,28,102,服装,剑客,False,2,0,0,False,server/migrations/000000_init-24.sql:11030,server/migrations/000000_init-29.sql:3188
20252,追魄战甲（男）,28,102,服装,剑客,False,1,0,0,False,server/migrations/000000_init-24.sql:11031,server/migrations/000000_init-29.sql:3189
20253,影舞魔甲（女）,28,102,服装,刺客,False,2,0,0,False,server/migrations/000000_init-24.sql:11032,server/migrations/000000_init-29.sql:3190
20254,影舞魔甲（男）,28,102,服装,刺客,False,1,0,0,False,server/migrations/000000_init-24.sql:11034,server/migrations/000000_init-29.sql:3191
20255,魂能宝衣（女）,28,102,服装,药师,False,2,0,0,False,server/migrations/000000_init-24.sql:11035,server/migrations/000000_init-29.sql:3192
20256,魂能宝衣（男）,28,102,服装,药师,False,1,0,0,False,server/migrations/000000_init-24.sql:11036,server/migrations/000000_init-29.sql:3193
20257,逐咒长衫（女）,28,102,服装,术士,False,2,0,0,False,server/migrations/000000_init-24.sql:11037,server/migrations/000000_init-29.sql:3194
20258,逐咒长衫（男）,28,102,服装,术士,False,1,0,0,False,server/migrations/000000_init-24.sql:11038,server/migrations/000000_init-29.sql:3196
20406,金神的顶戴·战,99,61,,战士,False,0,0,0,False,server/migrations/000000_init-24.sql:11208,server/migrations/000000_init-29.sql:3364
20407,金神的顶戴·剑,99,61,,剑客,False,0,0,0,False,server/migrations/000000_init-24.sql:11209,server/migrations/000000_init-29.sql:3365
20408,金神的顶戴·刺,99,61,,刺客,False,0,0,0,False,server/migrations/000000_init-24.sql:11210,server/migrations/000000_init-29.sql:3367
20409,金神的顶戴·术,99,61,,术士,False,0,0,0,False,server/migrations/000000_init-24.sql:11211,server/migrations/000000_init-29.sql:3368
20410,金神的顶戴·药,99,61,,药师,False,0,0,0,False,server/migrations/000000_init-24.sql:11212,server/migrations/000000_init-29.sql:3369
20416,神火之冠·战,99,61,,战士,False,0,0,0,False,server/migrations/000000_init-24.sql:11219,server/migrations/000000_init-29.sql:3375
20417,神火之冠·剑,99,61,,剑客,False,0,0,0,False,server/migrations/000000_init-24.sql:11220,server/migrations/000000_init-29.sql:3376
20418,神火之冠·刺,99,61,,刺客,False,0,0,0,False,server/migrations/000000_init-24.sql:11221,server/migrations/000000_init-29.sql:3378
20419,神火之冠·术,99,61,,术士,False,0,0,0,False,server/migrations/000000_init-24.sql:11222,server/migrations/000000_init-29.sql:3379
20420,神火之冠·药,99,61,,药师,False,0,0,0,False,server/migrations/000000_init-24.sql:11223,server/migrations/000000_init-29.sql:3380
20421,真·金神的顶戴·刺,99,79,,刺客,False,0,0,0,False,server/migrations/000000_init-24.sql:11224,server/migrations/000000_init-29.sql:3381
20422,真·金神的顶戴·剑,99,79,,剑客,False,0,0,0,False,server/migrations/000000_init-24.sql:11225,server/migrations/000000_init-29.sql:3382
20423,真·金神的顶戴·术,99,79,,术士,False,0,0,0,False,server/migrations/000000_init-24.sql:11226,server/migrations/000000_init-29.sql:3383
20424,真·金神的顶戴·药,99,79,,药师,False,0,0,0,False,server/migrations/000000_init-24.sql:11228,server/migrations/000000_init-29.sql:3384
20425,真·金神的顶戴·战,99,79,,战士,False,0,0,0,False,server/migrations/000000_init-24.sql:11229,server/migrations/000000_init-29.sql:3385
20426,真·神火之冠·刺,99,79,,刺客,False,0,0,0,False,server/migrations/000000_init-24.sql:11230,server/migrations/000000_init-29.sql:3386
20427,真·神火之冠·剑,99,79,,剑客,False,0,0,0,False,server/migrations/000000_init-24.sql:11231,server/migrations/000000_init-29.sql:3387
20428,真·神火之冠·术,99,79,,术士,False,0,0,0,False,server/migrations/000000_init-24.sql:11232,server/migrations/000000_init-29.sql:3389
20429,真·神火之冠·药,99,79,,药师,False,0,0,0,False,server/migrations/000000_init-24.sql:11233,server/migrations/000000_init-29.sql:3390
20430,真·神火之冠·战,99,79,,战士,False,0,0,0,False,server/migrations/000000_init-24.sql:11234,server/migrations/000000_init-29.sql:3391
20431,水神的睿智·战,99,61,,战士,False,0,0,0,False,server/migrations/000000_init-24.sql:11235,server/migrations/000000_init-29.sql:3392
20432,水神的睿智·剑,99,61,,剑客,False,0,0,0,False,server/migrations/000000_init-24.sql:11236,server/migrations/000000_init-29.sql:3393
20433,水神的睿智·刺,99,61,,刺客,False,0,0,0,False,server/migrations/000000_init-24.sql:11237,server/migrations/000000_init-29.sql:3394
20434,水神的睿智·药,99,61,,药师,False,0,0,0,False,server/migrations/000000_init-24.sql:11239,server/migrations/000000_init-29.sql:3395
20435,水神的睿智·术,99,61,,术士,False,0,0,0,False,server/migrations/000000_init-24.sql:11240,server/migrations/000000_init-29.sql:3396
20441,真·水神的睿智·战,99,79,,战士,False,0,0,0,False,server/migrations/000000_init-24.sql:11246,server/migrations/000000_init-29.sql:3403
20442,真·水神的睿智·剑,99,79,,剑客,False,0,0,0,False,server/migrations/000000_init-24.sql:11249,server/migrations/000000_init-29.sql:3404
20443,真·水神的睿智·刺,99,79,,刺客,False,0,0,0,False,server/migrations/000000_init-24.sql:11250,server/migrations/000000_init-29.sql:3405
20444,真·水神的睿智·药,99,79,,药师,False,0,0,0,False,server/migrations/000000_init-24.sql:11252,server/migrations/000000_init-29.sql:3406
20445,真·水神的睿智·术,99,79,,术士,False,0,0,0,False,server/migrations/000000_init-24.sql:11253,server/migrations/000000_init-29.sql:3407
20494,金神的宝藏·战,99,61,,战士,False,0,0,0,False,server/migrations/000000_init-24.sql:11308,server/migrations/000000_init-29.sql:3464
20496,金神的宝藏·剑,99,61,,剑客,False,0,0,0,False,server/migrations/000000_init-24.sql:11310,server/migrations/000000_init-29.sql:3466
20498,金神的宝藏·刺,99,61,,刺客,False,0,0,0,False,server/migrations/000000_init-24.sql:11312,server/migrations/000000_init-29.sql:3469
20500,金神的宝藏·术,99,61,,术士,False,0,0,0,False,server/migrations/000000_init-24.sql:11314,server/migrations/000000_init-29.sql:3471
20502,金神的宝藏·药,99,61,,药师,False,0,0,0,False,server/migrations/000000_init-24.sql:11316,server/migrations/000000_init-29.sql:3473
20504,火神的烈焰箱·战,99,61,,战士,False,0,0,0,False,server/migrations/000000_init-24.sql:11319,server/migrations/000000_init-29.sql:3475
20505,火神的烈焰箱·剑,99,61,,剑客,False,0,0,0,False,server/migrations/000000_init-24.sql:11320,server/migrations/000000_init-29.sql:3476
20506,火神的烈焰箱·刺,99,61,,刺客,False,0,0,0,False,server/migrations/000000_init-24.sql:11321,server/migrations/000000_init-29.sql:3477
20507,火神的烈焰箱·术,99,61,,术士,False,0,0,0,False,server/migrations/000000_init-24.sql:11322,server/migrations/000000_init-29.sql:3478
20508,火神的烈焰箱·药,99,61,,药师,False,0,0,0,False,server/migrations/000000_init-24.sql:11323,server/migrations/000000_init-29.sql:3480
20509,真·金神的宝藏·刺,99,79,,刺客,False,0,0,0,False,server/migrations/000000_init-24.sql:11324,server/migrations/000000_init-29.sql:3481
20510,真·金神的宝藏·剑,99,79,,剑客,False,0,0,0,False,server/migrations/000000_init-24.sql:11325,server/migrations/000000_init-29.sql:3482
20511,真·金神的宝藏·术,99,79,,术士,False,0,0,0,False,server/migrations/000000_init-24.sql:11326,server/migrations/000000_init-29.sql:3483
20512,真·金神的宝藏·药,99,79,,药师,False,0,0,0,False,server/migrations/000000_init-24.sql:11327,server/migrations/000000_init-29.sql:3484
20513,真·金神的宝藏·战,99,79,,战士,False,0,0,0,False,server/migrations/000000_init-24.sql:11328,server/migrations/000000_init-29.sql:3485
20514,真·火神的烈焰箱·刺,99,79,,刺客,False,0,0,0,False,server/migrations/000000_init-24.sql:11330,server/migrations/000000_init-29.sql:3486
20515,真·火神的烈焰箱·剑,99,79,,剑客,False,0,0,0,False,server/migrations/000000_init-24.sql:11331,server/migrations/000000_init-29.sql:3487
20516,真·火神的烈焰箱·术,99,79,,术士,False,0,0,0,False,server/migrations/000000_init-24.sql:11332,server/migrations/000000_init-29.sql:3488
20517,真·火神的烈焰箱·药,99,79,,药师,False,0,0,0,False,server/migrations/000000_init-24.sql:11333,server/migrations/000000_init-29.sql:3489
20518,真·火神的烈焰箱·战,99,79,,战士,False,0,0,0,False,server/migrations/000000_init-24.sql:11334,server/migrations/000000_init-29.sql:3491
20519,百川的归途·战,99,61,,战士,False,0,0,0,False,server/migrations/000000_init-24.sql:11335,server/migrations/000000_init-29.sql:3492
20520,百川的归途·剑,99,61,,剑客,False,0,0,0,False,server/migrations/000000_init-24.sql:11336,server/migrations/000000_init-29.sql:3493
20521,百川的归途·刺,99,61,,刺客,False,0,0,0,False,server/migrations/000000_init-24.sql:11337,server/migrations/000000_init-29.sql:3494
20522,百川的归途·药,99,61,,药师,False,0,0,0,False,server/migrations/000000_init-24.sql:11338,server/migrations/000000_init-29.sql:3495
20523,百川的归途·术,99,61,,术士,False,0,0,0,False,server/migrations/000000_init-24.sql:11339,server/migrations/000000_init-29.sql:3496
20531,真·百川的归途·战,99,79,,战士,False,0,0,0,False,server/migrations/000000_init-24.sql:11348,server/migrations/000000_init-29.sql:3505
20532,真·百川的归途·剑,99,79,,剑客,False,0,0,0,False,server/migrations/000000_init-24.sql:11351,server/migrations/000000_init-29.sql:3506
20533,真·百川的归途·刺,99,79,,刺客,False,0,0,0,False,server/migrations/000000_init-24.sql:11352,server/migrations/000000_init-29.sql:3507
20534,真·百川的归途·药,99,79,,药师,False,0,0,0,False,server/migrations/000000_init-24.sql:11354,server/migrations/000000_init-29.sql:3508
20535,真·百川的归途·术,99,79,,术士,False,0,0,0,False,server/migrations/000000_init-24.sql:11355,server/migrations/000000_init-29.sql:3509
20659,九天火种·战,99,61,,战士,False,0,0,0,False,server/migrations/000000_init-24.sql:11494,server/migrations/000000_init-29.sql:3649
20660,九天火种·剑,99,61,,剑客,False,0,0,0,False,server/migrations/000000_init-24.sql:11495,server/migrations/000000_init-29.sql:3650
20661,九天火种·刺,99,61,,刺客,False,0,0,0,False,server/migrations/000000_init-24.sql:11496,server/migrations/000000_init-29.sql:3651
20662,九天火种·术,99,61,,术士,False,0,0,0,False,server/migrations/000000_init-24.sql:11497,server/migrations/000000_init-29.sql:3652
20663,九天火种·药,99,61,,药师,False,0,0,0,False,server/migrations/000000_init-24.sql:11498,server/migrations/000000_init-29.sql:3653
20664,金神之颜·战,99,61,,战士,False,0,0,0,False,server/migrations/000000_init-24.sql:11500,server/migrations/000000_init-29.sql:3654
20665,金神之颜·剑,99,61,,剑客,False,0,0,0,False,server/migrations/000000_init-24.sql:11501,server/migrations/000000_init-29.sql:3655
20666,金神之颜·刺,99,61,,刺客,False,0,0,0,False,server/migrations/000000_init-24.sql:11502,server/migrations/000000_init-29.sql:3656
20667,金神之颜·术,99,61,,术士,False,0,0,0,False,server/migrations/000000_init-24.sql:11503,server/migrations/000000_init-29.sql:3657
20668,金神之颜·药,99,61,,药师,False,0,0,0,False,server/migrations/000000_init-24.sql:11504,server/migrations/000000_init-29.sql:3659
20669,真·金神之颜·刺,99,79,,刺客,False,0,0,0,False,server/migrations/000000_init-24.sql:11505,server/migrations/000000_init-29.sql:3660
20670,真·金神之颜·剑,99,79,,剑客,False,0,0,0,False,server/migrations/000000_init-24.sql:11506,server/migrations/000000_init-29.sql:3663
20671,真·金神之颜·术,99,79,,术士,False,0,0,0,False,server/migrations/000000_init-24.sql:11507,server/migrations/000000_init-29.sql:3664
20672,真·金神之颜·药,99,79,,药师,False,0,0,0,False,server/migrations/000000_init-24.sql:11508,server/migrations/000000_init-29.sql:3665
20673,真·金神之颜·战,99,79,,战士,False,0,0,0,False,server/migrations/000000_init-24.sql:11509,server/migrations/000000_init-29.sql:3666
20674,真·九天火种·刺,99,79,,刺客,False,0,0,0,False,server/migrations/000000_init-24.sql:11512,server/migrations/000000_init-29.sql:3667
20675,真·九天火种·剑,99,79,,剑客,False,0,0,0,False,server/migrations/000000_init-24.sql:11513,server/migrations/000000_init-29.sql:3668
20676,真·九天火种·术,99,79,,术士,False,0,0,0,False,server/migrations/000000_init-24.sql:11514,server/migrations/000000_init-29.sql:3669
20677,真·九天火种·药,99,79,,药师,False,0,0,0,False,server/migrations/000000_init-24.sql:11515,server/migrations/000000_init-29.sql:3670
20678,真·九天火种·战,99,79,,战士,False,0,0,0,False,server/migrations/000000_init-24.sql:11516,server/migrations/000000_init-29.sql:3673
20679,水神的冷漠·战,99,61,,战士,False,0,0,0,False,server/migrations/000000_init-24.sql:11517,server/migrations/000000_init-29.sql:3674
20680,水神的冷漠·剑,99,61,,剑客,False,0,0,0,False,server/migrations/000000_init-24.sql:11518,server/migrations/000000_init-29.sql:3675
20681,水神的冷漠·刺,99,61,,刺客,False,0,0,0,False,server/migrations/000000_init-24.sql:11519,server/migrations/000000_init-29.sql:3676
20682,水神的冷漠·药,99,61,,药师,False,0,0,0,False,server/migrations/000000_init-24.sql:11520,server/migrations/000000_init-29.sql:3677
20683,水神的冷漠·术,99,61,,术士,False,0,0,0,False,server/migrations/000000_init-24.sql:11521,server/migrations/000000_init-29.sql:3678
20689,真·水神的冷漠·战,99,79,,战士,False,0,0,0,False,server/migrations/000000_init-24.sql:11528,server/migrations/000000_init-29.sql:3685
20690,真·水神的冷漠·剑,99,79,,剑客,False,0,0,0,False,server/migrations/000000_init-24.sql:11529,server/migrations/000000_init-29.sql:3686
20691,真·水神的冷漠·刺,99,79,,刺客,False,0,0,0,False,server/migrations/000000_init-24.sql:11530,server/migrations/000000_init-29.sql:3687
20692,真·水神的冷漠·药,99,79,,药师,False,0,0,0,False,server/migrations/000000_init-24.sql:11531,server/migrations/000000_init-29.sql:3688
20693,真·水神的冷漠·术,99,79,,术士,False,0,0,0,False,server/migrations/000000_init-24.sql:11532,server/migrations/000000_init-29.sql:3689
20824,金神之足·战,99,61,,战士,False,0,0,0,False,server/migrations/000000_init-24.sql:11682,server/migrations/000000_init-29.sql:3836
20825,金神之足·剑,99,61,,剑客,False,0,0,0,False,server/migrations/000000_init-24.sql:11683,server/migrations/000000_init-29.sql:3837
20826,金神之足·刺,99,61,,刺客,False,0,0,0,False,server/migrations/000000_init-24.sql:11684,server/migrations/000000_init-29.sql:3838
20827,金神之足·术,99,61,,术士,False,0,0,0,False,server/migrations/000000_init-24.sql:11685,server/migrations/000000_init-29.sql:3839
20828,金神之足·药,99,61,,药师,False,0,0,0,False,server/migrations/000000_init-24.sql:11686,server/migrations/000000_init-29.sql:3841
20829,真·金神之足·战,99,79,,战士,False,0,0,0,False,server/migrations/000000_init-24.sql:11687,server/migrations/000000_init-29.sql:3842
20830,真·金神之足·剑,99,79,,剑客,False,0,0,0,False,server/migrations/000000_init-24.sql:11688,server/migrations/000000_init-29.sql:3843
20831,真·金神之足·刺,99,79,,刺客,False,0,0,0,False,server/migrations/000000_init-24.sql:11689,server/migrations/000000_init-29.sql:3844
20832,真·金神之足·术,99,79,,术士,False,0,0,0,False,server/migrations/000000_init-24.sql:11690,server/migrations/000000_init-29.sql:3845
20833,真·金神之足·药,99,79,,药师,False,0,0,0,False,server/migrations/000000_init-24.sql:11691,server/migrations/000000_init-29.sql:3846
20834,真·真火之履·战,99,79,,战士,False,0,0,0,False,server/migrations/000000_init-24.sql:11693,server/migrations/000000_init-29.sql:3847
20835,真·真火之履·剑,99,79,,剑客,False,0,0,0,False,server/migrations/000000_init-24.sql:11694,server/migrations/000000_init-29.sql:3848
20836,真·真火之履·刺,99,79,,刺客,False,0,0,0,False,server/migrations/000000_init-24.sql:11695,server/migrations/000000_init-29.sql:3849
20837,真·真火之履·术,99,79,,术士,False,0,0,0,False,server/migrations/000000_init-24.sql:11696,server/migrations/000000_init-29.sql:3850
20838,真·真火之履·药,99,79,,药师,False,0,0,0,False,server/migrations/000000_init-24.sql:11697,server/migrations/000000_init-29.sql:3852
20839,真火之履·战,99,61,,战士,False,0,0,0,False,server/migrations/000000_init-24.sql:11698,server/migrations/000000_init-29.sql:3853
20840,真火之履·剑,99,61,,剑客,False,0,0,0,False,server/migrations/000000_init-24.sql:11699,server/migrations/000000_init-29.sql:3854
20841,真火之履·刺,99,61,,刺客,False,0,0,0,False,server/migrations/000000_init-24.sql:11700,server/migrations/000000_init-29.sql:3855
20842,真火之履·术,99,61,,术士,False,0,0,0,False,server/migrations/000000_init-24.sql:11701,server/migrations/000000_init-29.sql:3856
20843,真火之履·药,99,61,,药师,False,0,0,0,False,server/migrations/000000_init-24.sql:11702,server/migrations/000000_init-29.sql:3857
20849,千浪之履·战,99,61,,战士,False,0,0,0,False,server/migrations/000000_init-24.sql:11709,server/migrations/000000_init-29.sql:3864
20850,千浪之履·剑,99,61,,剑客,False,0,0,0,False,server/migrations/000000_init-24.sql:11710,server/migrations/000000_init-29.sql:3867
20851,千浪之履·刺,99,61,,刺客,False,0,0,0,False,server/migrations/000000_init-24.sql:11711,server/migrations/000000_init-29.sql:3868
20852,千浪之履·药,99,61,,药师,False,0,0,0,False,server/migrations/000000_init-24.sql:11712,server/migrations/000000_init-29.sql:3869
20853,千浪之履·术,99,61,,术士,False,0,0,0,False,server/migrations/000000_init-24.sql:11713,server/migrations/000000_init-29.sql:3870
20854,真·千浪之履·战,99,79,,战士,False,0,0,0,False,server/migrations/000000_init-24.sql:11715,server/migrations/000000_init-29.sql:3871
20855,真·千浪之履·剑,99,79,,剑客,False,0,0,0,False,server/migrations/000000_init-24.sql:11716,server/migrations/000000_init-29.sql:3872
20856,真·千浪之履·刺,99,79,,刺客,False,0,0,0,False,server/migrations/000000_init-24.sql:11717,server/migrations/000000_init-29.sql:3873
20857,真·千浪之履·药,99,79,,药师,False,0,0,0,False,server/migrations/000000_init-24.sql:11718,server/migrations/000000_init-29.sql:3874
20858,真·千浪之履·术,99,79,,术士,False,0,0,0,False,server/migrations/000000_init-24.sql:11719,server/migrations/000000_init-29.sql:3876
20882,火神之手·战,99,61,,战士,False,0,0,0,False,server/migrations/000000_init-24.sql:11746,server/migrations/000000_init-27.sql:11615
20883,火神之手·剑,99,61,,剑客,False,0,0,0,False,server/migrations/000000_init-24.sql:11747,server/migrations/000000_init-27.sql:11616
20884,火神之手·刺,99,61,,刺客,False,0,0,0,False,server/migrations/000000_init-24.sql:11749,server/migrations/000000_init-27.sql:11617
20885,火神之手·术,99,61,,术士,False,0,0,0,False,server/migrations/000000_init-24.sql:11750,server/migrations/000000_init-27.sql:11618
20886,火神之手·药,99,61,,药师,False,0,0,0,False,server/migrations/000000_init-24.sql:11751,server/migrations/000000_init-27.sql:11619
20887,金神之握·战,99,61,,战士,False,0,0,0,False,server/migrations/000000_init-24.sql:11752,server/migrations/000000_init-27.sql:11620
20888,金神之握·剑,99,61,,剑客,False,0,0,0,False,server/migrations/000000_init-24.sql:11753,server/migrations/000000_init-27.sql:11622
20889,金神之握·刺,99,61,,刺客,False,0,0,0,False,server/migrations/000000_init-24.sql:11754,server/migrations/000000_init-27.sql:11623
20890,金神之握·术,99,61,,术士,False,0,0,0,False,server/migrations/000000_init-24.sql:11755,server/migrations/000000_init-27.sql:11624
20891,金神之握·药,99,61,,药师,False,0,0,0,False,server/migrations/000000_init-24.sql:11756,server/migrations/000000_init-27.sql:11625
20892,真·火神之手·战,99,79,,战士,False,0,0,0,False,server/migrations/000000_init-24.sql:11759,server/migrations/000000_init-27.sql:11626
20893,真·火神之手·剑,99,79,,剑客,False,0,0,0,False,server/migrations/000000_init-24.sql:11760,server/migrations/000000_init-27.sql:11627
20894,真·火神之手·刺,99,79,,刺客,False,0,0,0,False,server/migrations/000000_init-24.sql:11762,server/migrations/000000_init-27.sql:11628
20895,真·火神之手·术,99,79,,术士,False,0,0,0,False,server/migrations/000000_init-24.sql:11763,server/migrations/000000_init-27.sql:11629
20896,真·火神之手·药,99,79,,药师,False,0,0,0,False,server/migrations/000000_init-24.sql:11764,server/migrations/000000_init-27.sql:11630
20897,真·金神之握·战,99,79,,战士,False,0,0,0,False,server/migrations/000000_init-24.sql:11765,server/migrations/000000_init-27.sql:11631
20898,真·金神之握·剑,99,79,,剑客,False,0,0,0,False,server/migrations/000000_init-24.sql:11766,server/migrations/000000_init-27.sql:11633
20899,真·金神之握·刺,99,79,,刺客,False,0,0,0,False,server/migrations/000000_init-24.sql:11767,server/migrations/000000_init-27.sql:11634
20900,真·金神之握·术,99,79,,术士,False,0,0,0,False,server/migrations/000000_init-24.sql:11768,server/migrations/000000_init-27.sql:11635
20901,真·金神之握·药,99,79,,药师,False,0,0,0,False,server/migrations/000000_init-24.sql:11769,server/migrations/000000_init-27.sql:11636
20907,水神之手·战,99,61,,战士,False,0,0,0,False,server/migrations/000000_init-25.sql:3,server/migrations/000000_init-27.sql:11642
20908,水神之手·剑,99,61,,剑客,False,0,0,0,False,server/migrations/000000_init-25.sql:4,server/migrations/000000_init-27.sql:11644
20909,水神之手·刺,99,61,,刺客,False,0,0,0,False,server/migrations/000000_init-25.sql:5,server/migrations/000000_init-27.sql:11645
20910,水神之手·药,99,61,,药师,False,0,0,0,False,server/migrations/000000_init-25.sql:6,server/migrations/000000_init-27.sql:11646
20911,水神之手·术,99,61,,术士,False,0,0,0,False,server/migrations/000000_init-25.sql:7,server/migrations/000000_init-27.sql:11647
20912,真·水神之手·战,99,79,,战士,False,0,0,0,False,server/migrations/000000_init-25.sql:8,server/migrations/000000_init-27.sql:11648
20913,真·水神之手·剑,99,79,,剑客,False,0,0,0,False,server/migrations/000000_init-25.sql:9,server/migrations/000000_init-27.sql:11649
20914,真·水神之手·刺,99,79,,刺客,False,0,0,0,False,server/migrations/000000_init-25.sql:11,server/migrations/000000_init-27.sql:11650
20915,真·水神之手·药,99,79,,药师,False,0,0,0,False,server/migrations/000000_init-25.sql:12,server/migrations/000000_init-27.sql:11651
20916,真·水神之手·术,99,79,,术士,False,0,0,0,False,server/migrations/000000_init-25.sql:13,server/migrations/000000_init-27.sql:11652
20969,火神之眼·战,99,61,,战士,False,0,0,0,False,server/migrations/000000_init-25.sql:71,server/migrations/000000_init-27.sql:11713
20970,火神之眼·剑,99,61,,剑客,False,0,0,0,False,server/migrations/000000_init-25.sql:72,server/migrations/000000_init-27.sql:11714
20971,火神之眼·刺,99,61,,刺客,False,0,0,0,False,server/migrations/000000_init-25.sql:73,server/migrations/000000_init-27.sql:11715
20972,火神之眼·术,99,61,,术士,False,0,0,0,False,server/migrations/000000_init-25.sql:74,server/migrations/000000_init-27.sql:11716
20973,火神之眼·药,99,61,,药师,False,0,0,0,False,server/migrations/000000_init-25.sql:75,server/migrations/000000_init-27.sql:11717
20974,金神之魂·战,99,61,,战士,False,0,0,0,False,server/migrations/000000_init-25.sql:78,server/migrations/000000_init-27.sql:11718
20975,金神之魂·剑,99,61,,剑客,False,0,0,0,False,server/migrations/000000_init-25.sql:79,server/migrations/000000_init-27.sql:11719
20976,金神之魂·刺,99,61,,刺客,False,0,0,0,False,server/migrations/000000_init-25.sql:80,server/migrations/000000_init-27.sql:11720
20977,金神之魂·术,99,61,,术士,False,0,0,0,False,server/migrations/000000_init-25.sql:81,server/migrations/000000_init-27.sql:11721
20978,金神之魂·药,99,61,,药师,False,0,0,0,False,server/migrations/000000_init-25.sql:82,server/migrations/000000_init-27.sql:11724
20989,真·火神之眼·战,99,79,,战士,False,0,0,0,False,server/migrations/000000_init-25.sql:96,server/migrations/000000_init-27.sql:11736
20990,真·火神之眼·剑,99,79,,剑客,False,0,0,0,False,server/migrations/000000_init-25.sql:97,server/migrations/000000_init-27.sql:11737
20991,真·火神之眼·刺,99,79,,刺客,False,0,0,0,False,server/migrations/000000_init-25.sql:98,server/migrations/000000_init-27.sql:11738
20992,真·火神之眼·术,99,79,,术士,False,0,0,0,False,server/migrations/000000_init-25.sql:99,server/migrations/000000_init-27.sql:11739
20993,真·火神之眼·药,99,79,,药师,False,0,0,0,False,server/migrations/000000_init-25.sql:100,server/migrations/000000_init-27.sql:11740
20994,真·金神之魂·战,99,79,,战士,False,0,0,0,False,server/migrations/000000_init-25.sql:102,server/migrations/000000_init-27.sql:11741
20995,真·金神之魂·剑,99,79,,剑客,False,0,0,0,False,server/migrations/000000_init-25.sql:103,server/migrations/000000_init-27.sql:11742
20996,真·金神之魂·刺,99,79,,刺客,False,0,0,0,False,server/migrations/000000_init-25.sql:104,server/migrations/000000_init-27.sql:11743
20997,真·金神之魂·术,99,79,,术士,False,0,0,0,False,server/migrations/000000_init-25.sql:105,server/migrations/000000_init-27.sql:11744
20998,真·金神之魂·药,99,79,,药师,False,0,0,0,False,server/migrations/000000_init-25.sql:106,server/migrations/000000_init-27.sql:11746
21004,东海明珠·战,99,61,,战士,False,0,0,0,False,server/migrations/000000_init-25.sql:113,server/migrations/000000_init-27.sql:11752
21005,东海明珠·剑,99,61,,剑客,False,0,0,0,False,server/migrations/000000_init-25.sql:114,server/migrations/000000_init-27.sql:11753
21006,东海明珠·刺,99,61,,刺客,False,0,0,0,False,server/migrations/000000_init-25.sql:115,server/migrations/000000_init-27.sql:11754
21007,东海明珠·药,99,61,,药师,False,0,0,0,False,server/migrations/000000_init-25.sql:116,server/migrations/000000_init-27.sql:11755
21008,东海明珠·术,99,61,,术士,False,0,0,0,False,server/migrations/000000_init-25.sql:117,server/migrations/000000_init-27.sql:11757
21009,真·东海明珠·战,99,79,,战士,False,0,0,0,False,server/migrations/000000_init-25.sql:118,server/migrations/000000_init-27.sql:11758
21010,真·东海明珠·剑,99,79,,剑客,False,0,0,0,False,server/migrations/000000_init-25.sql:119,server/migrations/000000_init-27.sql:11759
21011,真·东海明珠·刺,99,79,,刺客,False,0,0,0,False,server/migrations/000000_init-25.sql:120,server/migrations/000000_init-27.sql:11760
21012,真·东海明珠·药,99,79,,药师,False,0,0,0,False,server/migrations/000000_init-25.sql:121,server/migrations/000000_init-27.sql:11761
21013,真·东海明珠·术,99,79,,术士,False,0,0,0,False,server/migrations/000000_init-25.sql:122,server/migrations/000000_init-27.sql:11762
21024,复魂徽记,29,108,戒指,药师,False,0,0,0,False,server/migrations/000000_init-25.sql:135,server/migrations/000000_init-27.sql:11774
21105,火神的灵光·战,99,61,,战士,False,0,0,0,False,server/migrations/000000_init-25.sql:227,server/migrations/000000_init-27.sql:11866
21106,火神的灵光·剑,99,61,,剑客,False,0,0,0,False,server/migrations/000000_init-25.sql:228,server/migrations/000000_init-27.sql:11867
21107,火神的灵光·刺,99,61,,刺客,False,0,0,0,False,server/migrations/000000_init-25.sql:229,server/migrations/000000_init-27.sql:11868
21108,火神的灵光·术,99,61,,术士,False,0,0,0,False,server/migrations/000000_init-25.sql:230,server/migrations/000000_init-27.sql:11870
21109,火神的灵光·药,99,61,,药师,False,0,0,0,False,server/migrations/000000_init-25.sql:231,server/migrations/000000_init-27.sql:11871
21115,金神的牙雕·战,99,61,,战士,False,0,0,0,False,server/migrations/000000_init-25.sql:238,server/migrations/000000_init-27.sql:11877
21116,金神的牙雕·剑,99,61,,剑客,False,0,0,0,False,server/migrations/000000_init-25.sql:239,server/migrations/000000_init-27.sql:11878
21117,金神的牙雕·刺,99,61,,刺客,False,0,0,0,False,server/migrations/000000_init-25.sql:240,server/migrations/000000_init-27.sql:11879
21118,金神的牙雕·术,99,61,,术士,False,0,0,0,False,server/migrations/000000_init-25.sql:241,server/migrations/000000_init-27.sql:11881
21119,金神的牙雕·药,99,61,,药师,False,0,0,0,False,server/migrations/000000_init-25.sql:242,server/migrations/000000_init-27.sql:11882
21125,真·火神的灵光·战,99,79,,战士,False,0,0,0,False,server/migrations/000000_init-25.sql:249,server/migrations/000000_init-27.sql:11888
21126,真·火神的灵光·剑,99,79,,剑客,False,0,0,0,False,server/migrations/000000_init-25.sql:250,server/migrations/000000_init-27.sql:11889
21127,真·火神的灵光·刺,99,79,,刺客,False,0,0,0,False,server/migrations/000000_init-25.sql:251,server/migrations/000000_init-27.sql:11890
21128,真·火神的灵光·术,99,79,,术士,False,0,0,0,False,server/migrations/000000_init-25.sql:252,server/migrations/000000_init-27.sql:11892
21129,真·火神的灵光·药,99,79,,药师,False,0,0,0,False,server/migrations/000000_init-25.sql:253,server/migrations/000000_init-27.sql:11893
21130,真·金神的牙雕·战,99,79,,战士,False,0,0,0,False,server/migrations/000000_init-25.sql:254,server/migrations/000000_init-27.sql:11894
21131,真·金神的牙雕·剑,99,79,,剑客,False,0,0,0,False,server/migrations/000000_init-25.sql:255,server/migrations/000000_init-27.sql:11895
21132,真·金神的牙雕·刺,99,79,,刺客,False,0,0,0,False,server/migrations/000000_init-25.sql:256,server/migrations/000000_init-27.sql:11896
21133,真·金神的牙雕·术,99,79,,术士,False,0,0,0,False,server/migrations/000000_init-25.sql:257,server/migrations/000000_init-27.sql:11897
21134,真·金神的牙雕·药,99,79,,药师,False,0,0,0,False,server/migrations/000000_init-25.sql:259,server/migrations/000000_init-27.sql:11898
21140,水神的决心·战,99,61,,战士,False,0,0,0,False,server/migrations/000000_init-25.sql:265,server/migrations/000000_init-27.sql:11905
21141,水神的决心·剑,99,61,,剑客,False,0,0,0,False,server/migrations/000000_init-25.sql:266,server/migrations/000000_init-27.sql:11906
21142,水神的决心·刺,99,61,,刺客,False,0,0,0,False,server/migrations/000000_init-25.sql:267,server/migrations/000000_init-27.sql:11907
21143,水神的决心·药,99,61,,药师,False,0,0,0,False,server/migrations/000000_init-25.sql:268,server/migrations/000000_init-27.sql:11908
21144,水神的决心·术,99,61,,术士,False,0,0,0,False,server/migrations/000000_init-25.sql:270,server/migrations/000000_init-27.sql:11909
21145,真·水神的决心·战,99,79,,战士,False,0,0,0,False,server/migrations/000000_init-25.sql:271,server/migrations/000000_init-27.sql:11912
21146,真·水神的决心·剑,99,79,,剑客,False,0,0,0,False,server/migrations/000000_init-25.sql:272,server/migrations/000000_init-27.sql:11913
21147,真·水神的决心·刺,99,79,,刺客,False,0,0,0,False,server/migrations/000000_init-25.sql:273,server/migrations/000000_init-27.sql:11914
21148,真·水神的决心·药,99,79,,药师,False,0,0,0,False,server/migrations/000000_init-25.sql:274,server/migrations/000000_init-27.sql:11916
21149,真·水神的决心·术,99,79,,术士,False,0,0,0,False,server/migrations/000000_init-25.sql:275,server/migrations/000000_init-27.sql:11917
21606,幞头,99,20,头盔,战士|剑客|刺客|药师|术士,True,1,0,0,False,server/migrations/000000_init-25.sql:466,server/migrations/000000_init-27.sql:12104
21607,凤冠,99,20,头盔,战士|剑客|刺客|药师|术士,True,2,0,0,False,server/migrations/000000_init-25.sql:467,server/migrations/000000_init-27.sql:12105
21776,暴风头盔,30,118,头盔,战士,False,0,0,0,False,server/migrations/000000_init-25.sql:527,server/migrations/000000_init-27.sql:12166
21777,狂战士头箍,31,128,头盔,战士,False,0,0,0,False,server/migrations/000000_init-25.sql:528,server/migrations/000000_init-27.sql:12167
21778,幻麟圣盔,32,138,头盔,战士,False,0,0,0,False,server/migrations/000000_init-25.sql:529,server/migrations/000000_init-27.sql:12168
21779,水晶头盔,30,118,头盔,剑客,False,0,0,0,False,server/migrations/000000_init-25.sql:530,server/migrations/000000_init-27.sql:12169
21780,黑耀宝盔,31,128,头盔,剑客,False,0,0,0,False,server/migrations/000000_init-25.sql:533,server/migrations/000000_init-27.sql:12170
21781,紫皇冠,32,138,头盔,剑客,False,0,0,0,False,server/migrations/000000_init-25.sql:534,server/migrations/000000_init-27.sql:12171
21782,隐秘天盔,30,118,头盔,刺客,False,0,0,0,False,server/migrations/000000_init-25.sql:535,server/migrations/000000_init-27.sql:12172
21783,影遁鬼带,31,128,头盔,刺客,False,0,0,0,False,server/migrations/000000_init-25.sql:536,server/migrations/000000_init-27.sql:12173
21784,音无之首,32,138,头盔,刺客,False,0,0,0,False,server/migrations/000000_init-25.sql:537,server/migrations/000000_init-27.sql:12176
21785,紫檀盔,30,118,头盔,术士,False,0,0,0,False,server/migrations/000000_init-25.sql:538,server/migrations/000000_init-27.sql:12177
21786,太公髻,31,128,头盔,术士,False,0,0,0,False,server/migrations/000000_init-25.sql:539,server/migrations/000000_init-27.sql:12178
21787,逆魔盔,32,138,头盔,术士,False,0,0,0,False,server/migrations/000000_init-25.sql:540,server/migrations/000000_init-27.sql:12179
21788,玉颈法冠,30,118,头盔,药师,False,0,0,0,False,server/migrations/000000_init-25.sql:541,server/migrations/000000_init-27.sql:12180
21789,扁鹊冠,31,128,头盔,药师,False,0,0,0,False,server/migrations/000000_init-25.sql:542,server/migrations/000000_init-27.sql:12181
21790,光芒翎,32,138,头盔,药师,False,0,0,0,False,server/migrations/000000_init-25.sql:544,server/migrations/000000_init-27.sql:12182
22001,金乌神盔,21,60,头盔,剑客,False,0,0,0,False,server/migrations/000000_init-25.sql:624,server/migrations/000000_init-27.sql:12262
22002,御守神盔,22,66,头盔,剑客,False,0,0,0,False,server/migrations/000000_init-25.sql:625,server/migrations/000000_init-27.sql:12263
22003,神御宝盔,23,72,头盔,剑客,False,0,0,0,False,server/migrations/000000_init-25.sql:626,server/migrations/000000_init-27.sql:12264
22004,青月神盔,24,78,头盔,剑客,False,0,0,0,False,server/migrations/000000_init-25.sql:627,server/migrations/000000_init-27.sql:12266
22005,御龙金盔,25,84,头盔,剑客,False,0,0,0,False,server/migrations/000000_init-25.sql:628,server/migrations/000000_init-27.sql:12267
22006,辰星神盔,26,90,头盔,剑客,False,0,0,0,False,server/migrations/000000_init-25.sql:629,server/migrations/000000_init-27.sql:12268
22007,化血妖盔,27,96,头盔,剑客,False,0,0,0,False,server/migrations/000000_init-25.sql:630,server/migrations/000000_init-27.sql:12269
22008,灵神金盔,28,102,头盔,剑客,False,0,0,0,False,server/migrations/000000_init-25.sql:631,server/migrations/000000_init-27.sql:12270
22009,魔玉妖盔,29,108,头盔,剑客,False,0,0,0,False,server/migrations/000000_init-25.sql:632,server/migrations/000000_init-27.sql:12271
22018,金风玉盔,21,60,头盔,战士,False,0,0,0,False,server/migrations/000000_init-25.sql:634,server/migrations/000000_init-27.sql:12272
22019,玄钢仙盔,22,66,头盔,战士,False,0,0,0,False,server/migrations/000000_init-25.sql:635,server/migrations/000000_init-27.sql:12273
22020,乌晶玄盔,23,72,头盔,战士,False,0,0,0,False,server/migrations/000000_init-25.sql:636,server/migrations/000000_init-27.sql:12274
22021,天魄,24,78,头盔,战士,False,0,0,0,False,server/migrations/000000_init-25.sql:637,server/migrations/000000_init-27.sql:12275
22022,化神盔,25,84,头盔,战士,False,0,0,0,False,server/migrations/000000_init-25.sql:638,server/migrations/000000_init-27.sql:12277
22023,浩天神盔,26,90,头盔,战士,False,0,0,0,False,server/migrations/000000_init-25.sql:639,server/migrations/000000_init-27.sql:12278
22024,离火宝盔,27,96,头盔,战士,False,0,0,0,False,server/migrations/000000_init-25.sql:640,server/migrations/000000_init-27.sql:12279
22025,玄玉重盔,28,102,头盔,战士,False,0,0,0,False,server/migrations/000000_init-25.sql:641,server/migrations/000000_init-27.sql:12280
22026,逆日魔盔,29,108,头盔,战士,False,0,0,0,False,server/migrations/000000_init-25.sql:642,server/migrations/000000_init-27.sql:12281
22035,隐灵头带,21,60,头盔,刺客,False,0,0,0,False,server/migrations/000000_init-25.sql:643,server/migrations/000000_init-27.sql:12282
22036,寒月冷巾,22,66,头盔,刺客,False,0,0,0,False,server/migrations/000000_init-25.sql:646,server/migrations/000000_init-27.sql:12283
22037,九幽鬼首,23,72,头盔,刺客,False,0,0,0,False,server/migrations/000000_init-25.sql:647,server/migrations/000000_init-27.sql:12284
22038,龙鳞紫带,24,78,头盔,刺客,False,0,0,0,False,server/migrations/000000_init-25.sql:648,server/migrations/000000_init-27.sql:12285
22039,暗夜妖王,25,84,头盔,刺客,False,0,0,0,False,server/migrations/000000_init-25.sql:649,server/migrations/000000_init-27.sql:12286
22040,凛日神带,26,90,头盔,刺客,False,0,0,0,False,server/migrations/000000_init-25.sql:650,server/migrations/000000_init-27.sql:12289
22041,魔夜羽巾,27,96,头盔,刺客,False,0,0,0,False,server/migrations/000000_init-25.sql:651,server/migrations/000000_init-27.sql:12290
22042,逆月羽巾,28,102,头盔,刺客,False,0,0,0,False,server/migrations/000000_init-25.sql:652,server/migrations/000000_init-27.sql:12291
22043,妖月神带,29,108,头盔,刺客,False,0,0,0,False,server/migrations/000000_init-25.sql:653,server/migrations/000000_init-27.sql:12292
22052,宝华玉冠,21,60,头盔,术士,False,0,0,0,False,server/migrations/000000_init-25.sql:654,server/migrations/000000_init-27.sql:12293
22053,灵法天冠,22,66,头盔,术士,False,0,0,0,False,server/migrations/000000_init-25.sql:655,server/migrations/000000_init-27.sql:12294
22054,神念法冠,23,72,头盔,术士,False,0,0,0,False,server/migrations/000000_init-25.sql:657,server/migrations/000000_init-27.sql:12295
22055,玉阳天冠,24,78,头盔,术士,False,0,0,0,False,server/migrations/000000_init-25.sql:658,server/migrations/000000_init-27.sql:12296
22056,天意宝冠,25,84,头盔,术士,False,0,0,0,False,server/migrations/000000_init-25.sql:659,server/migrations/000000_init-27.sql:12297
22057,金月灵冠,26,90,头盔,术士,False,0,0,0,False,server/migrations/000000_init-25.sql:660,server/migrations/000000_init-27.sql:12298
22058,煌雷神冠,27,96,头盔,术士,False,0,0,0,False,server/migrations/000000_init-25.sql:661,server/migrations/000000_init-27.sql:12300
22059,灵宝天冠,28,102,头盔,术士,False,0,0,0,False,server/migrations/000000_init-25.sql:662,server/migrations/000000_init-27.sql:12301
22060,苍星神冠,29,108,头盔,术士,False,0,0,0,False,server/migrations/000000_init-25.sql:663,server/migrations/000000_init-27.sql:12302
22069,宝月玉冠,21,60,头盔,药师,False,0,0,0,False,server/migrations/000000_init-25.sql:664,server/migrations/000000_init-27.sql:12303
22070,悯法天冠,22,66,头盔,药师,False,0,0,0,False,server/migrations/000000_init-25.sql:665,server/migrations/000000_init-27.sql:12304
22071,慈念宝冠,23,72,头盔,药师,False,0,0,0,False,server/migrations/000000_init-25.sql:666,server/migrations/000000_init-27.sql:12305
22072,星玉神冠,24,78,头盔,药师,False,0,0,0,False,server/migrations/000000_init-25.sql:668,server/migrations/000000_init-27.sql:12306
22073,华莲宝冠,25,84,头盔,药师,False,0,0,0,False,server/migrations/000000_init-25.sql:669,server/migrations/000000_init-27.sql:12307
22074,神露天冠,26,90,头盔,药师,False,0,0,0,False,server/migrations/000000_init-25.sql:670,server/migrations/000000_init-27.sql:12308
22075,凝仙神冠,27,96,头盔,药师,False,0,0,0,False,server/migrations/000000_init-25.sql:671,server/migrations/000000_init-27.sql:12309
22076,破阎金冠,28,102,头盔,药师,False,0,0,0,False,server/migrations/000000_init-25.sql:672,server/migrations/000000_init-27.sql:12311
22077,魔御宝冠,29,108,头盔,药师,False,0,0,0,False,server/migrations/000000_init-25.sql:673,server/migrations/000000_init-27.sql:12312
22086,金风玉靴,21,60,鞋子,战士,False,0,0,0,False,server/migrations/000000_init-25.sql:674,server/migrations/000000_init-27.sql:12313
22087,玄钢仙靴,22,66,鞋子,战士,False,0,0,0,False,server/migrations/000000_init-25.sql:675,server/migrations/000000_init-27.sql:12314
22088,乌晶玄靴,23,72,鞋子,战士,False,0,0,0,False,server/migrations/000000_init-25.sql:676,server/migrations/000000_init-27.sql:12315
22089,天魄靴,24,78,鞋子,战士,False,0,0,0,False,server/migrations/000000_init-25.sql:677,server/migrations/000000_init-27.sql:12316
22090,化神靴,25,84,鞋子,战士,False,0,0,0,False,server/migrations/000000_init-25.sql:679,server/migrations/000000_init-27.sql:12317
22091,浩天神靴,26,90,鞋子,战士,False,0,0,0,False,server/migrations/000000_init-25.sql:680,server/migrations/000000_init-27.sql:12320
22092,离火宝靴,27,96,鞋子,战士,False,0,0,0,False,server/migrations/000000_init-25.sql:681,server/migrations/000000_init-27.sql:12321
22093,玄玉重靴,28,102,鞋子,战士,False,0,0,0,False,server/migrations/000000_init-25.sql:682,server/migrations/000000_init-27.sql:12322
22094,逆日魔靴,29,108,鞋子,战士,False,0,0,0,False,server/migrations/000000_init-25.sql:683,server/migrations/000000_init-27.sql:12324
22103,金风护手,21,60,手套,战士,False,0,0,0,False,server/migrations/000000_init-25.sql:684,server/migrations/000000_init-27.sql:12325
22104,玄仙护手,22,66,手套,战士,False,0,0,0,False,server/migrations/000000_init-25.sql:685,server/migrations/000000_init-27.sql:12326
22105,乌晶护手,23,72,手套,战士,False,0,0,0,False,server/migrations/000000_init-25.sql:686,server/migrations/000000_init-27.sql:12327
22106,天魄护手,24,78,手套,战士,False,0,0,0,False,server/migrations/000000_init-25.sql:687,server/migrations/000000_init-27.sql:12328
22107,化神护手,25,84,手套,战士,False,0,0,0,False,server/migrations/000000_init-25.sql:688,server/migrations/000000_init-27.sql:12329
22108,浩天神手,26,90,手套,战士,False,0,0,0,False,server/migrations/000000_init-25.sql:690,server/migrations/000000_init-27.sql:12330
22109,离火护手,27,96,手套,战士,False,0,0,0,False,server/migrations/000000_init-25.sql:691,server/migrations/000000_init-27.sql:12331
22110,玄玉护手,28,102,手套,战士,False,0,0,0,False,server/migrations/000000_init-25.sql:692,server/migrations/000000_init-27.sql:12332
22111,逆日魔手,29,108,手套,战士,False,0,0,0,False,server/migrations/000000_init-25.sql:693,server/migrations/000000_init-27.sql:12333
22120,金索仙袋（战）,21,60,背包,战士,False,0,0,0,False,server/migrations/000000_init-25.sql:694,server/migrations/000000_init-27.sql:12335
22121,紫纱仙袋（战）,22,66,背包,战士,False,0,0,0,False,server/migrations/000000_init-25.sql:695,server/migrations/000000_init-27.sql:12336
22122,凝玉袋（战）,23,72,背包,战士,False,0,0,0,False,server/migrations/000000_init-25.sql:696,server/migrations/000000_init-27.sql:12337
22123,空枢（战）,24,78,背包,战士,False,0,0,0,False,server/migrations/000000_init-25.sql:697,server/migrations/000000_init-27.sql:12338
22124,乾坤袋（战）,25,84,背包,战士,False,0,0,0,False,server/migrations/000000_init-25.sql:700,server/migrations/000000_init-27.sql:12339
22125,须弥袋（战）,26,90,背包,战士,False,0,0,0,False,server/migrations/000000_init-25.sql:701,server/migrations/000000_init-27.sql:12340
22126,封炎袋（战）,27,96,背包,战士,False,0,0,0,False,server/migrations/000000_init-25.sql:703,server/migrations/000000_init-27.sql:12341
22127,华天玉袋（战）,28,102,背包,战士,False,0,0,0,False,server/migrations/000000_init-25.sql:704,server/migrations/000000_init-27.sql:12342
22128,净玉神袋（战）,29,108,背包,战士,False,0,0,0,False,server/migrations/000000_init-25.sql:705,server/migrations/000000_init-27.sql:12343
22130,金风玉颜,21,60,面具,战士,False,0,0,0,False,server/migrations/000000_init-25.sql:706,server/migrations/000000_init-27.sql:12344
22131,玄钢仙颜,22,66,面具,战士,False,0,0,0,False,server/migrations/000000_init-25.sql:707,server/migrations/000000_init-27.sql:12346
22132,乌晶玄颜,23,72,面具,战士,False,0,0,0,False,server/migrations/000000_init-25.sql:708,server/migrations/000000_init-27.sql:12347
22133,天魄颜,24,78,面具,战士,False,0,0,0,False,server/migrations/000000_init-25.sql:709,server/migrations/000000_init-27.sql:12348
22134,化神颜,25,84,面具,战士,False,0,0,0,False,server/migrations/000000_init-25.sql:710,server/migrations/000000_init-27.sql:12349
22135,浩天神颜,26,90,面具,战士,False,0,0,0,False,server/migrations/000000_init-25.sql:711,server/migrations/000000_init-27.sql:12350
22136,离火宝颜,27,96,面具,战士,False,0,0,0,False,server/migrations/000000_init-25.sql:712,server/migrations/000000_init-27.sql:12351
22137,玄玉重颜,28,102,面具,战士,False,0,0,0,False,server/migrations/000000_init-25.sql:714,server/migrations/000000_init-27.sql:12352
22138,逆日魔颜,29,108,面具,战士,False,0,0,0,False,server/migrations/000000_init-25.sql:715,server/migrations/000000_init-27.sql:12353
22140,华星坠饰,21,60,项链,战士,False,0,0,0,False,server/migrations/000000_init-25.sql:716,server/migrations/000000_init-27.sql:12354
22141,神金天坠,22,66,项链,战士,False,0,0,0,False,server/migrations/000000_init-25.sql:717,server/migrations/000000_init-27.sql:12355
22142,华棱宝坠,23,72,项链,战士,False,0,0,0,False,server/migrations/000000_init-25.sql:718,server/migrations/000000_init-27.sql:12357
22143,妖王金眼,24,78,项链,战士,False,0,0,0,False,server/migrations/000000_init-25.sql:719,server/migrations/000000_init-27.sql:12358
22144,龙王角坠,25,84,项链,战士,False,0,0,0,False,server/migrations/000000_init-25.sql:720,server/migrations/000000_init-27.sql:12359
22145,饕餮牙悬,26,90,项链,战士,False,0,0,0,False,server/migrations/000000_init-25.sql:721,server/migrations/000000_init-27.sql:12360
22146,御神项链,27,96,项链,战士,False,0,0,0,False,server/migrations/000000_init-25.sql:722,server/migrations/000000_init-27.sql:12361
22147,天华帝坠,28,102,项链,战士,False,0,0,0,False,server/migrations/000000_init-25.sql:723,server/migrations/000000_init-27.sql:12362
22148,神怒坠饰,29,108,项链,战士,False,0,0,0,False,server/migrations/000000_init-25.sql:725,server/migrations/000000_init-27.sql:12363
22150,青金玉戒,21,60,戒指,战士,False,0,0,0,False,server/migrations/000000_init-25.sql:726,server/migrations/000000_init-27.sql:12364
22151,辟邪金戒,22,66,戒指,战士,False,0,0,0,False,server/migrations/000000_init-25.sql:727,server/migrations/000000_init-27.sql:12365
22152,祛魔护戒,23,72,戒指,战士,False,0,0,0,False,server/migrations/000000_init-25.sql:728,server/migrations/000000_init-27.sql:12366
22153,贪狼血眼,24,78,戒指,战士,False,0,0,0,False,server/migrations/000000_init-25.sql:729,server/migrations/000000_init-27.sql:12368
22154,军神刻符,25,84,戒指,战士,False,0,0,0,False,server/migrations/000000_init-25.sql:730,server/migrations/000000_init-27.sql:12369
22155,天罡战符,26,90,戒指,战士,False,0,0,0,False,server/migrations/000000_init-25.sql:731,server/migrations/000000_init-27.sql:12370
22156,封龙王戒,27,96,戒指,战士,False,0,0,0,False,server/migrations/000000_init-25.sql:732,server/migrations/000000_init-27.sql:12371
22157,玄神王戒,28,102,戒指,战士,False,0,0,0,False,server/migrations/000000_init-25.sql:733,server/migrations/000000_init-27.sql:12372
22158,神武徽记,29,108,戒指,战士,False,0,0,0,False,server/migrations/000000_init-25.sql:734,server/migrations/000000_init-27.sql:12373
22161,金乌神靴,21,60,鞋子,剑客,False,0,0,0,False,server/migrations/000000_init-25.sql:736,server/migrations/000000_init-27.sql:12374
22162,御守神靴,22,66,鞋子,剑客,False,0,0,0,False,server/migrations/000000_init-25.sql:737,server/migrations/000000_init-27.sql:12375
22163,神御宝靴,23,72,鞋子,剑客,False,0,0,0,False,server/migrations/000000_init-25.sql:738,server/migrations/000000_init-27.sql:12376
22164,青月神靴,24,78,鞋子,剑客,False,0,0,0,False,server/migrations/000000_init-25.sql:739,server/migrations/000000_init-27.sql:12377
22165,御龙金靴,25,84,鞋子,剑客,False,0,0,0,False,server/migrations/000000_init-25.sql:740,server/migrations/000000_init-27.sql:12379
22166,辰星神靴,26,90,鞋子,剑客,False,0,0,0,False,server/migrations/000000_init-25.sql:741,server/migrations/000000_init-27.sql:12380
22167,化血妖靴,27,96,鞋子,剑客,False,0,0,0,False,server/migrations/000000_init-25.sql:742,server/migrations/000000_init-27.sql:12381
22168,灵神金靴,28,102,鞋子,剑客,False,0,0,0,False,server/migrations/000000_init-25.sql:743,server/migrations/000000_init-27.sql:12382
22169,魔玉妖靴,29,108,鞋子,剑客,False,0,0,0,False,server/migrations/000000_init-25.sql:744,server/migrations/000000_init-27.sql:12383
22178,金乌护手,21,60,手套,剑客,False,0,0,0,False,server/migrations/000000_init-25.sql:745,server/migrations/000000_init-27.sql:12384
22179,御守神护手,22,66,手套,剑客,False,0,0,0,False,server/migrations/000000_init-25.sql:747,server/migrations/000000_init-27.sql:12385
22180,神御护手,23,72,手套,剑客,False,0,0,0,False,server/migrations/000000_init-25.sql:748,server/migrations/000000_init-27.sql:12386
22181,青月护手,24,78,手套,剑客,False,0,0,0,False,server/migrations/000000_init-25.sql:749,server/migrations/000000_init-27.sql:12387
22182,御龙护手,25,84,手套,剑客,False,0,0,0,False,server/migrations/000000_init-25.sql:750,server/migrations/000000_init-27.sql:12388
22183,辰星护手,26,90,手套,剑客,False,0,0,0,False,server/migrations/000000_init-25.sql:751,server/migrations/000000_init-27.sql:12390
22184,化血护手,27,96,手套,剑客,False,0,0,0,False,server/migrations/000000_init-25.sql:752,server/migrations/000000_init-27.sql:12391
22185,灵神护手,28,102,手套,剑客,False,0,0,0,False,server/migrations/000000_init-25.sql:753,server/migrations/000000_init-27.sql:12392
22186,魔玉妖手,29,108,手套,剑客,False,0,0,0,False,server/migrations/000000_init-25.sql:754,server/migrations/000000_init-27.sql:12393
22195,金索仙袋（剑）,21,60,背包,剑客,False,0,0,0,False,server/migrations/000000_init-25.sql:756,server/migrations/000000_init-27.sql:12395
22196,紫纱仙袋（剑）,22,66,背包,剑客,False,0,0,0,False,server/migrations/000000_init-25.sql:759,server/migrations/000000_init-27.sql:12396
22197,凝玉袋（剑）,23,72,背包,剑客,False,0,0,0,False,server/migrations/000000_init-25.sql:760,server/migrations/000000_init-27.sql:12397
22198,空枢（剑）,24,78,背包,剑客,False,0,0,0,False,server/migrations/000000_init-25.sql:761,server/migrations/000000_init-27.sql:12398
22199,乾坤袋（剑）,25,84,背包,剑客,False,0,0,0,False,server/migrations/000000_init-25.sql:762,server/migrations/000000_init-27.sql:12399
22200,须弥袋（剑）,26,90,背包,剑客,False,0,0,0,False,server/migrations/000000_init-25.sql:763,server/migrations/000000_init-27.sql:12402
22201,封炎袋（剑）,27,96,背包,剑客,False,0,0,0,False,server/migrations/000000_init-25.sql:764,server/migrations/000000_init-27.sql:12403
22202,华天玉袋（剑）,28,102,背包,剑客,False,0,0,0,False,server/migrations/000000_init-25.sql:765,server/migrations/000000_init-27.sql:12404
22203,净玉神袋（剑）,29,108,背包,剑客,False,0,0,0,False,server/migrations/000000_init-25.sql:766,server/migrations/000000_init-27.sql:12405
22206,金乌神颜,21,60,面具,剑客,False,0,0,0,False,server/migrations/000000_init-25.sql:767,server/migrations/000000_init-27.sql:12406
22207,御守神颜,22,66,面具,剑客,False,0,0,0,False,server/migrations/000000_init-25.sql:768,server/migrations/000000_init-27.sql:12407
22208,神御宝颜,23,72,面具,剑客,False,0,0,0,False,server/migrations/000000_init-25.sql:770,server/migrations/000000_init-27.sql:12408
22209,青月神颜,24,78,面具,剑客,False,0,0,0,False,server/migrations/000000_init-25.sql:771,server/migrations/000000_init-27.sql:12409
22210,御龙金颜,25,84,面具,剑客,False,0,0,0,False,server/migrations/000000_init-25.sql:772,server/migrations/000000_init-27.sql:12410
22211,辰星神颜,26,90,面具,剑客,False,0,0,0,False,server/migrations/000000_init-25.sql:773,server/migrations/000000_init-27.sql:12411
22212,化血妖颜,27,96,面具,剑客,False,0,0,0,False,server/migrations/000000_init-25.sql:774,server/migrations/000000_init-27.sql:12413
22213,灵神金颜,28,102,面具,剑客,False,0,0,0,False,server/migrations/000000_init-25.sql:775,server/migrations/000000_init-27.sql:12414
22214,魔玉妖颜,29,108,面具,剑客,False,0,0,0,False,server/migrations/000000_init-25.sql:776,server/migrations/000000_init-27.sql:12415
22217,剑心坠,21,60,项链,剑客,False,0,0,0,False,server/migrations/000000_init-25.sql:777,server/migrations/000000_init-27.sql:12416
22218,云华神坠,22,66,项链,剑客,False,0,0,0,False,server/migrations/000000_init-25.sql:778,server/migrations/000000_init-27.sql:12417
22219,封炎净玉,23,72,项链,剑客,False,0,0,0,False,server/migrations/000000_init-25.sql:779,server/migrations/000000_init-27.sql:12418
22220,妖磷项链,24,78,项链,剑客,False,0,0,0,False,server/migrations/000000_init-25.sql:781,server/migrations/000000_init-27.sql:12419
22221,魔念妖坠,25,84,项链,剑客,False,0,0,0,False,server/migrations/000000_init-25.sql:782,server/migrations/000000_init-27.sql:12422
22222,琉璃神星,26,90,项链,剑客,False,0,0,0,False,server/migrations/000000_init-25.sql:783,server/migrations/000000_init-27.sql:12423
22223,圣剑王玺,27,96,项链,剑客,False,0,0,0,False,server/migrations/000000_init-25.sql:784,server/migrations/000000_init-27.sql:12424
22224,神逐项链,28,102,项链,剑客,False,0,0,0,False,server/migrations/000000_init-25.sql:785,server/migrations/000000_init-27.sql:12426
22225,破天坠饰,29,108,项链,剑客,False,0,0,0,False,server/migrations/000000_init-25.sql:786,server/migrations/000000_init-27.sql:12427
22228,华辰剑戒,21,60,戒指,剑客,False,0,0,0,False,server/migrations/000000_init-25.sql:787,server/migrations/000000_init-27.sql:12428
22229,玉华扳指,22,66,戒指,剑客,False,0,0,0,False,server/migrations/000000_init-25.sql:788,server/migrations/000000_init-27.sql:12429
22230,灵犀仙戒,23,72,戒指,剑客,False,0,0,0,False,server/migrations/000000_init-25.sql:789,server/migrations/000000_init-27.sql:12430
22231,龙斩宝戒,24,78,戒指,剑客,False,0,0,0,False,server/migrations/000000_init-25.sql:790,server/migrations/000000_init-27.sql:12431
22232,月宗神戒,25,84,戒指,剑客,False,0,0,0,False,server/migrations/000000_init-25.sql:792,server/migrations/000000_init-27.sql:12432
22233,天穹剑印,26,90,戒指,剑客,False,0,0,0,False,server/migrations/000000_init-25.sql:793,server/migrations/000000_init-27.sql:12433
22234,碎星神戒,27,96,戒指,剑客,False,0,0,0,False,server/migrations/000000_init-25.sql:794,server/migrations/000000_init-27.sql:12434
22235,逆星神环,28,102,戒指,剑客,False,0,0,0,False,server/migrations/000000_init-25.sql:795,server/migrations/000000_init-27.sql:12435
22236,万刃徽记,29,108,戒指,剑客,False,0,0,0,False,server/migrations/000000_init-25.sql:796,server/migrations/000000_init-27.sql:12437
22239,隐灵鞋,21,60,鞋子,刺客,False,0,0,0,False,server/migrations/000000_init-25.sql:799,server/migrations/000000_init-27.sql:12440
22240,寒月短鞋,22,66,鞋子,刺客,False,0,0,0,False,server/migrations/000000_init-25.sql:802,server/migrations/000000_init-27.sql:12441
22241,九幽鬼足,23,72,鞋子,刺客,False,0,0,0,False,server/migrations/000000_init-25.sql:803,server/migrations/000000_init-27.sql:12442
22242,龙鳞金鞋,24,78,鞋子,刺客,False,0,0,0,False,server/migrations/000000_init-25.sql:805,server/migrations/000000_init-27.sql:12443
22243,暗妖王鞋,25,84,鞋子,刺客,False,0,0,0,False,server/migrations/000000_init-25.sql:806,server/migrations/000000_init-27.sql:12444
22244,凛日神鞋,26,90,鞋子,刺客,False,0,0,0,False,server/migrations/000000_init-25.sql:807,server/migrations/000000_init-27.sql:12445
22245,魔夜羽鞋,27,96,鞋子,刺客,False,0,0,0,False,server/migrations/000000_init-25.sql:808,server/migrations/000000_init-27.sql:12446
22246,逆月神鞋,28,102,鞋子,刺客,False,0,0,0,False,server/migrations/000000_init-25.sql:809,server/migrations/000000_init-27.sql:12448
22247,妖月神鞋,29,108,鞋子,刺客,False,0,0,0,False,server/migrations/000000_init-25.sql:810,server/migrations/000000_init-27.sql:12449
22256,隐灵手套,21,60,手套,刺客,False,0,0,0,False,server/migrations/000000_init-25.sql:820,server/migrations/000000_init-27.sql:12459
22257,寒月手套,22,66,手套,刺客,False,0,0,0,False,server/migrations/000000_init-25.sql:821,server/migrations/000000_init-27.sql:12460
22258,九幽鬼手,23,72,手套,刺客,False,0,0,0,False,server/migrations/000000_init-25.sql:822,server/migrations/000000_init-27.sql:12461
22259,龙鳞金手,24,78,手套,刺客,False,0,0,0,False,server/migrations/000000_init-25.sql:823,server/migrations/000000_init-27.sql:12462
22260,妖王手套,25,84,手套,刺客,False,0,0,0,False,server/migrations/000000_init-25.sql:824,server/migrations/000000_init-27.sql:12463
22261,凛日手套,26,90,手套,刺客,False,0,0,0,False,server/migrations/000000_init-25.sql:825,server/migrations/000000_init-27.sql:12464
22262,魔夜手套,27,96,手套,刺客,False,0,0,0,False,server/migrations/000000_init-25.sql:827,server/migrations/000000_init-27.sql:12465
22263,逆月神手,28,102,手套,刺客,False,0,0,0,False,server/migrations/000000_init-25.sql:828,server/migrations/000000_init-27.sql:12466
22264,妖月神手,29,108,手套,刺客,False,0,0,0,False,server/migrations/000000_init-25.sql:829,server/migrations/000000_init-27.sql:12467
22273,金索仙袋（刺）,21,60,背包,刺客,False,0,0,0,False,server/migrations/000000_init-25.sql:839,server/migrations/000000_init-27.sql:12477
22274,紫纱仙袋（刺）,22,66,背包,刺客,False,0,0,0,False,server/migrations/000000_init-25.sql:840,server/migrations/000000_init-27.sql:12478
22275,凝玉袋（刺）,23,72,背包,刺客,False,0,0,0,False,server/migrations/000000_init-25.sql:841,server/migrations/000000_init-27.sql:12479
22276,空枢（刺）,24,78,背包,刺客,False,0,0,0,False,server/migrations/000000_init-25.sql:842,server/migrations/000000_init-27.sql:12481
22277,乾坤袋（刺）,25,84,背包,刺客,False,0,0,0,False,server/migrations/000000_init-25.sql:843,server/migrations/000000_init-27.sql:12482
22278,须弥袋（刺）,26,90,背包,刺客,False,0,0,0,False,server/migrations/000000_init-25.sql:844,server/migrations/000000_init-27.sql:12483
22279,封炎袋（刺）,27,96,背包,刺客,False,0,0,0,False,server/migrations/000000_init-25.sql:845,server/migrations/000000_init-27.sql:12484
22280,华天玉袋（刺）,28,102,背包,刺客,False,0,0,0,False,server/migrations/000000_init-25.sql:846,server/migrations/000000_init-27.sql:12485
22281,净玉神袋（刺）,29,108,背包,刺客,False,0,0,0,False,server/migrations/000000_init-25.sql:847,server/migrations/000000_init-27.sql:12486
22284,隐灵颜,21,60,面具,刺客,False,0,0,0,False,server/migrations/000000_init-25.sql:849,server/migrations/000000_init-27.sql:12487
22285,寒月冷颜,22,66,面具,刺客,False,0,0,0,False,server/migrations/000000_init-25.sql:850,server/migrations/000000_init-27.sql:12488
22286,九幽鬼颜,23,72,面具,刺客,False,0,0,0,False,server/migrations/000000_init-25.sql:851,server/migrations/000000_init-27.sql:12489
22287,龙鳞金颜,24,78,面具,刺客,False,0,0,0,False,server/migrations/000000_init-25.sql:852,server/migrations/000000_init-27.sql:12490
22288,暗妖王颜,25,84,面具,刺客,False,0,0,0,False,server/migrations/000000_init-25.sql:853,server/migrations/000000_init-27.sql:12492
22289,凛日神颜,26,90,面具,刺客,False,0,0,0,False,server/migrations/000000_init-25.sql:854,server/migrations/000000_init-27.sql:12493
22290,魔夜羽颜,27,96,面具,刺客,False,0,0,0,False,server/migrations/000000_init-25.sql:855,server/migrations/000000_init-27.sql:12494
22291,逆月神颜,28,102,面具,刺客,False,0,0,0,False,server/migrations/000000_init-25.sql:856,server/migrations/000000_init-27.sql:12495
22292,妖月神颜,29,108,面具,刺客,False,0,0,0,False,server/migrations/000000_init-25.sql:857,server/migrations/000000_init-27.sql:12496
22295,琉璃夜坠,21,60,项链,刺客,False,0,0,0,False,server/migrations/000000_init-25.sql:861,server/migrations/000000_init-27.sql:12499
22296,化仙灵坠,22,66,项链,刺客,False,0,0,0,False,server/migrations/000000_init-25.sql:862,server/migrations/000000_init-27.sql:12500
22297,冰凛银坠,23,72,项链,刺客,False,0,0,0,False,server/migrations/000000_init-25.sql:863,server/migrations/000000_init-27.sql:12501
22298,隐星暗晶,24,78,项链,刺客,False,0,0,0,False,server/migrations/000000_init-25.sql:864,server/migrations/000000_init-27.sql:12503
22299,珑月辰坠,25,84,项链,刺客,False,0,0,0,False,server/migrations/000000_init-25.sql:865,server/migrations/000000_init-27.sql:12504
22300,陨仙项链,26,90,项链,刺客,False,0,0,0,False,server/migrations/000000_init-25.sql:866,server/migrations/000000_init-27.sql:12505
22301,幕天仙坠,27,96,项链,刺客,False,0,0,0,False,server/migrations/000000_init-25.sql:867,server/migrations/000000_init-27.sql:12506
22302,神渺项链,28,102,项链,刺客,False,0,0,0,False,server/migrations/000000_init-25.sql:868,server/migrations/000000_init-27.sql:12507
22303,嗜魂坠饰,29,108,项链,刺客,False,0,0,0,False,server/migrations/000000_init-25.sql:869,server/migrations/000000_init-27.sql:12508
22306,隐仙戒,21,60,戒指,刺客,False,0,0,0,False,server/migrations/000000_init-25.sql:874,server/migrations/000000_init-27.sql:12511
22307,破魔仙戒,22,66,戒指,刺客,False,0,0,0,False,server/migrations/000000_init-25.sql:875,server/migrations/000000_init-27.sql:12512
22308,隐月天戒,23,72,戒指,刺客,False,0,0,0,False,server/migrations/000000_init-25.sql:876,server/migrations/000000_init-27.sql:12515
22309,夜仙宝戒,24,78,戒指,刺客,False,0,0,0,False,server/migrations/000000_init-25.sql:877,server/migrations/000000_init-27.sql:12516
22310,逆月暗戒,25,84,戒指,刺客,False,0,0,0,False,server/migrations/000000_init-25.sql:878,server/migrations/000000_init-27.sql:12517
22311,幽垠鬼戒,26,90,戒指,刺客,False,0,0,0,False,server/migrations/000000_init-25.sql:879,server/migrations/000000_init-27.sql:12518
22312,神渺天戒,27,96,戒指,刺客,False,0,0,0,False,server/migrations/000000_init-25.sql:880,server/migrations/000000_init-27.sql:12519
22313,幽渊魔戒,28,102,戒指,刺客,False,0,0,0,False,server/migrations/000000_init-25.sql:881,server/migrations/000000_init-27.sql:12520
22314,亡曲徽记,29,108,戒指,刺客,False,0,0,0,False,server/migrations/000000_init-25.sql:883,server/migrations/000000_init-27.sql:12521
22317,宝华履,21,60,鞋子,术士,False,0,0,0,False,server/migrations/000000_init-25.sql:886,server/migrations/000000_init-27.sql:12526
22318,灵法天履,22,66,鞋子,术士,False,0,0,0,False,server/migrations/000000_init-25.sql:887,server/migrations/000000_init-27.sql:12528
22319,神念法履,23,72,鞋子,术士,False,0,0,0,False,server/migrations/000000_init-25.sql:888,server/migrations/000000_init-27.sql:12529
22320,玉阳天履,24,78,鞋子,术士,False,0,0,0,False,server/migrations/000000_init-25.sql:889,server/migrations/000000_init-27.sql:12530
22321,天意宝履,25,84,鞋子,术士,False,0,0,0,False,server/migrations/000000_init-25.sql:890,server/migrations/000000_init-27.sql:12531
22322,金月灵履,26,90,鞋子,术士,False,0,0,0,False,server/migrations/000000_init-25.sql:891,server/migrations/000000_init-27.sql:12532
22323,煌雷神履,27,96,鞋子,术士,False,0,0,0,False,server/migrations/000000_init-25.sql:892,server/migrations/000000_init-27.sql:12533
22324,灵宝天履,28,102,鞋子,术士,False,0,0,0,False,server/migrations/000000_init-25.sql:894,server/migrations/000000_init-27.sql:12534
22325,苍星神履,29,108,鞋子,术士,False,0,0,0,False,server/migrations/000000_init-25.sql:895,server/migrations/000000_init-27.sql:12535
22334,宝华手套,21,60,手套,术士,False,0,0,0,False,server/migrations/000000_init-25.sql:904,server/migrations/000000_init-27.sql:12543
22335,灵法手套,22,66,手套,术士,False,0,0,0,False,server/migrations/000000_init-25.sql:905,server/migrations/000000_init-27.sql:12544
22336,神念手套,23,72,手套,术士,False,0,0,0,False,server/migrations/000000_init-25.sql:907,server/migrations/000000_init-27.sql:12545
22337,玉阳天手,24,78,手套,术士,False,0,0,0,False,server/migrations/000000_init-25.sql:908,server/migrations/000000_init-27.sql:12546
22338,天意手套,25,84,手套,术士,False,0,0,0,False,server/migrations/000000_init-25.sql:909,server/migrations/000000_init-27.sql:12547
22339,金月灵手,26,90,手套,术士,False,0,0,0,False,server/migrations/000000_init-25.sql:910,server/migrations/000000_init-27.sql:12548
22340,煌雷手套,27,96,手套,术士,False,0,0,0,False,server/migrations/000000_init-25.sql:911,server/migrations/000000_init-27.sql:12550
22341,灵宝天手,28,102,手套,术士,False,0,0,0,False,server/migrations/000000_init-25.sql:912,server/migrations/000000_init-27.sql:12551
22342,苍星神手,29,108,手套,术士,False,0,0,0,False,server/migrations/000000_init-25.sql:913,server/migrations/000000_init-27.sql:12552
22351,金索仙袋（法）,21,60,背包,术士,False,0,0,0,False,server/migrations/000000_init-25.sql:914,server/migrations/000000_init-27.sql:12553
22352,紫纱仙袋（法）,22,66,背包,术士,False,0,0,0,False,server/migrations/000000_init-25.sql:915,server/migrations/000000_init-27.sql:12554
22353,凝玉袋（法）,23,72,背包,术士,False,0,0,0,False,server/migrations/000000_init-25.sql:916,server/migrations/000000_init-27.sql:12555
22354,空枢（法）,24,78,背包,术士,False,0,0,0,False,server/migrations/000000_init-25.sql:918,server/migrations/000000_init-27.sql:12556
22355,乾坤袋（法）,25,84,背包,术士,False,0,0,0,False,server/migrations/000000_init-25.sql:919,server/migrations/000000_init-27.sql:12557
22356,须弥袋（法）,26,90,背包,术士,False,0,0,0,False,server/migrations/000000_init-25.sql:920,server/migrations/000000_init-27.sql:12558
22357,封炎袋（法）,27,96,背包,术士,False,0,0,0,False,server/migrations/000000_init-25.sql:921,server/migrations/000000_init-27.sql:12559
22358,华天玉袋（法）,28,102,背包,术士,False,0,0,0,False,server/migrations/000000_init-25.sql:922,server/migrations/000000_init-27.sql:12561
22359,净玉神袋（法）,29,108,背包,术士,False,0,0,0,False,server/migrations/000000_init-25.sql:923,server/migrations/000000_init-27.sql:12562
22362,宝华颜,21,60,面具,术士,False,0,0,0,False,server/migrations/000000_init-25.sql:924,server/migrations/000000_init-27.sql:12563
22363,灵法天颜,22,66,面具,术士,False,0,0,0,False,server/migrations/000000_init-25.sql:925,server/migrations/000000_init-27.sql:12564
22364,神念法颜,23,72,面具,术士,False,0,0,0,False,server/migrations/000000_init-25.sql:926,server/migrations/000000_init-27.sql:12565
22365,玉阳天颜,24,78,面具,术士,False,0,0,0,False,server/migrations/000000_init-25.sql:927,server/migrations/000000_init-27.sql:12566
22366,天意宝颜,25,84,面具,术士,False,0,0,0,False,server/migrations/000000_init-25.sql:929,server/migrations/000000_init-27.sql:12567
22367,金月灵颜,26,90,面具,术士,False,0,0,0,False,server/migrations/000000_init-25.sql:930,server/migrations/000000_init-27.sql:12568
22368,煌雷神颜,27,96,面具,术士,False,0,0,0,False,server/migrations/000000_init-25.sql:931,server/migrations/000000_init-27.sql:12569
22369,灵宝天颜,28,102,面具,术士,False,0,0,0,False,server/migrations/000000_init-25.sql:932,server/migrations/000000_init-27.sql:12570
22370,苍星神颜,29,108,面具,术士,False,0,0,0,False,server/migrations/000000_init-25.sql:933,server/migrations/000000_init-27.sql:12572
22373,月华项链,21,60,项链,术士,False,0,0,0,False,server/migrations/000000_init-25.sql:934,server/migrations/000000_init-27.sql:12573
22374,琥珀凝晶,22,66,项链,术士,False,0,0,0,False,server/migrations/000000_init-25.sql:935,server/migrations/000000_init-27.sql:12574
22375,神玉金坠,23,72,项链,术士,False,0,0,0,False,server/migrations/000000_init-25.sql:936,server/migrations/000000_init-27.sql:12575
22376,天莹宝坠,24,78,项链,术士,False,0,0,0,False,server/migrations/000000_init-25.sql:937,server/migrations/000000_init-27.sql:12576
22377,青玉骷髅,25,84,项链,术士,False,0,0,0,False,server/migrations/000000_init-25.sql:938,server/migrations/000000_init-27.sql:12577
22378,朱焰妖瞳,26,90,项链,术士,False,0,0,0,False,server/migrations/000000_init-25.sql:940,server/migrations/000000_init-27.sql:12578
22379,玄星珑坠,27,96,项链,术士,False,0,0,0,False,server/migrations/000000_init-25.sql:941,server/migrations/000000_init-27.sql:12579
22380,神煌法坠,28,102,项链,术士,False,0,0,0,False,server/migrations/000000_init-25.sql:942,server/migrations/000000_init-27.sql:12580
22381,幻魔坠饰,29,108,项链,术士,False,0,0,0,False,server/migrations/000000_init-25.sql:943,server/migrations/000000_init-27.sql:12581
22384,凛法仙戒,21,60,戒指,术士,False,0,0,0,False,server/migrations/000000_init-25.sql:944,server/migrations/000000_init-27.sql:12583
22385,灵光宝戒,22,66,戒指,术士,False,0,0,0,False,server/migrations/000000_init-25.sql:945,server/migrations/000000_init-27.sql:12584
22386,六芒星印,23,72,戒指,术士,False,0,0,0,False,server/migrations/000000_init-25.sql:946,server/migrations/000000_init-27.sql:12585
22387,法眼神戒,24,78,戒指,术士,False,0,0,0,False,server/migrations/000000_init-25.sql:947,server/migrations/000000_init-27.sql:12586
22388,玉玑灵戒,25,84,戒指,术士,False,0,0,0,False,server/migrations/000000_init-25.sql:948,server/migrations/000000_init-27.sql:12587
22389,幻炎神戒,26,90,戒指,术士,False,0,0,0,False,server/migrations/000000_init-25.sql:949,server/migrations/000000_init-27.sql:12588
22390,雷烈神戒,27,96,戒指,术士,False,0,0,0,False,server/migrations/000000_init-25.sql:951,server/migrations/000000_init-27.sql:12589
22391,神凛玉环,28,102,戒指,术士,False,0,0,0,False,server/migrations/000000_init-25.sql:952,server/migrations/000000_init-27.sql:12590
22392,起源徽记,29,108,戒指,术士,False,0,0,0,False,server/migrations/000000_init-25.sql:953,server/migrations/000000_init-27.sql:12591
22395,宝月履,21,60,鞋子,药师,False,0,0,0,False,server/migrations/000000_init-25.sql:954,server/migrations/000000_init-27.sql:12592
22396,悯法天履,22,66,鞋子,药师,False,0,0,0,False,server/migrations/000000_init-25.sql:955,server/migrations/000000_init-27.sql:12594
22397,慈念宝履,23,72,鞋子,药师,False,0,0,0,False,server/migrations/000000_init-25.sql:956,server/migrations/000000_init-27.sql:12595
22398,星玉神履,24,78,鞋子,药师,False,0,0,0,False,server/migrations/000000_init-25.sql:957,server/migrations/000000_init-27.sql:12596
22399,华莲宝履,25,84,鞋子,药师,False,0,0,0,False,server/migrations/000000_init-25.sql:958,server/migrations/000000_init-27.sql:12597
22400,神露天履,26,90,鞋子,药师,False,0,0,0,False,server/migrations/000000_init-25.sql:959,server/migrations/000000_init-27.sql:12598
22401,凝仙神履,27,96,鞋子,药师,False,0,0,0,False,server/migrations/000000_init-25.sql:960,server/migrations/000000_init-27.sql:12599
22402,破阎金履,28,102,鞋子,药师,False,0,0,0,False,server/migrations/000000_init-25.sql:962,server/migrations/000000_init-27.sql:12600
22403,魔御宝履,29,108,鞋子,药师,False,0,0,0,False,server/migrations/000000_init-25.sql:963,server/migrations/000000_init-27.sql:12601
22412,宝月手套,21,60,手套,药师,False,0,0,0,False,server/migrations/000000_init-25.sql:970,server/migrations/000000_init-27.sql:12609
22413,悯法天手,22,66,手套,药师,False,0,0,0,False,server/migrations/000000_init-25.sql:971,server/migrations/000000_init-27.sql:12610
22414,慈念手套,23,72,手套,药师,False,0,0,0,False,server/migrations/000000_init-25.sql:973,server/migrations/000000_init-27.sql:12611
22415,星玉神手,24,78,手套,药师,False,0,0,0,False,server/migrations/000000_init-25.sql:974,server/migrations/000000_init-27.sql:12612
22416,华莲宝手,25,84,手套,药师,False,0,0,0,False,server/migrations/000000_init-25.sql:975,server/migrations/000000_init-27.sql:12613
22417,神露手套,26,90,手套,药师,False,0,0,0,False,server/migrations/000000_init-25.sql:976,server/migrations/000000_init-27.sql:12614
22418,凝仙神手,27,96,手套,药师,False,0,0,0,False,server/migrations/000000_init-25.sql:977,server/migrations/000000_init-27.sql:12616
22419,破阎手套,28,102,手套,药师,False,0,0,0,False,server/migrations/000000_init-25.sql:978,server/migrations/000000_init-27.sql:12617
22420,魔御宝手,29,108,手套,药师,False,0,0,0,False,server/migrations/000000_init-25.sql:979,server/migrations/000000_init-27.sql:12618
22429,金索仙袋（药）,21,60,背包,药师,False,0,0,0,False,server/migrations/000000_init-25.sql:990,server/migrations/000000_init-27.sql:12631
22430,紫纱仙袋（药）,22,66,背包,药师,False,0,0,0,False,server/migrations/000000_init-25.sql:991,server/migrations/000000_init-27.sql:12632
22431,凝玉袋（药）,23,72,背包,药师,False,0,0,0,False,server/migrations/000000_init-25.sql:992,server/migrations/000000_init-27.sql:12633
22432,空枢（药）,24,78,背包,药师,False,0,0,0,False,server/migrations/000000_init-25.sql:993,server/migrations/000000_init-27.sql:12634
22433,乾坤袋（药）,25,84,背包,药师,False,0,0,0,False,server/migrations/000000_init-25.sql:994,server/migrations/000000_init-27.sql:12635
22434,须弥袋（药）,26,90,背包,药师,False,0,0,0,False,server/migrations/000000_init-25.sql:996,server/migrations/000000_init-27.sql:12636
22435,封炎袋（药）,27,96,背包,药师,False,0,0,0,False,server/migrations/000000_init-25.sql:997,server/migrations/000000_init-27.sql:12637
22436,华天玉袋（药）,28,102,背包,药师,False,0,0,0,False,server/migrations/000000_init-25.sql:998,server/migrations/000000_init-27.sql:12638
22437,净玉神袋（药）,29,108,背包,药师,False,0,0,0,False,server/migrations/000000_init-25.sql:999,server/migrations/000000_init-27.sql:12639
22440,宝月颜,21,60,面具,药师,False,0,0,0,False,server/migrations/000000_init-25.sql:1000,server/migrations/000000_init-27.sql:12641
22441,悯法天颜,22,66,面具,药师,False,0,0,0,False,server/migrations/000000_init-25.sql:1001,server/migrations/000000_init-27.sql:12642
22442,慈念宝颜,23,72,面具,药师,False,0,0,0,False,server/migrations/000000_init-25.sql:1002,server/migrations/000000_init-27.sql:12643
22443,星玉神颜,24,78,面具,药师,False,0,0,0,False,server/migrations/000000_init-25.sql:1003,server/migrations/000000_init-27.sql:12644
22444,华莲宝颜,25,84,面具,药师,False,0,0,0,False,server/migrations/000000_init-25.sql:1006,server/migrations/000000_init-27.sql:12645
22445,神露天颜,26,90,面具,药师,False,0,0,0,False,server/migrations/000000_init-25.sql:1007,server/migrations/000000_init-27.sql:12646
22446,凝仙神颜,27,96,面具,药师,False,0,0,0,False,server/migrations/000000_init-25.sql:1009,server/migrations/000000_init-27.sql:12647
22447,破阎金颜,28,102,面具,药师,False,0,0,0,False,server/migrations/000000_init-25.sql:1010,server/migrations/000000_init-27.sql:12648
22448,魔御宝颜,29,108,面具,药师,False,0,0,0,False,server/migrations/000000_init-25.sql:1011,server/migrations/000000_init-27.sql:12649
22451,祛妖项链,21,60,项链,药师,False,0,0,0,False,server/migrations/000000_init-25.sql:1012,server/migrations/000000_init-27.sql:12650
22452,如意珠坠,22,66,项链,药师,False,0,0,0,False,server/migrations/000000_init-25.sql:1013,server/migrations/000000_init-27.sql:12652
22453,翡青碧砂,23,72,项链,药师,False,0,0,0,False,server/migrations/000000_init-25.sql:1014,server/migrations/000000_init-27.sql:12653
22454,珑星神坠,24,78,项链,药师,False,0,0,0,False,server/migrations/000000_init-25.sql:1015,server/migrations/000000_init-27.sql:12654
22455,神乌饰坠,25,84,项链,药师,False,0,0,0,False,server/migrations/000000_init-25.sql:1016,server/migrations/000000_init-27.sql:12655
22456,流光镜玉,26,90,项链,药师,False,0,0,0,False,server/migrations/000000_init-25.sql:1017,server/migrations/000000_init-27.sql:12656
22457,神月天珠,27,96,项链,药师,False,0,0,0,False,server/migrations/000000_init-25.sql:1018,server/migrations/000000_init-27.sql:12657
22458,仙悯宝坠,28,102,项链,药师,False,0,0,0,False,server/migrations/000000_init-25.sql:1020,server/migrations/000000_init-27.sql:12658
22459,通神坠饰,29,108,项链,药师,False,0,0,0,False,server/migrations/000000_init-25.sql:1021,server/migrations/000000_init-27.sql:12659
22462,游光灵戒,21,60,戒指,药师,False,0,0,0,False,server/migrations/000000_init-25.sql:1022,server/migrations/000000_init-27.sql:12660
22463,晨曦灵戒,22,66,戒指,药师,False,0,0,0,False,server/migrations/000000_init-25.sql:1023,server/migrations/000000_init-27.sql:12661
22464,化邪宝戒,23,72,戒指,药师,False,0,0,0,False,server/migrations/000000_init-25.sql:1024,server/migrations/000000_init-27.sql:12663
22465,鬼魄碧晶,24,78,戒指,药师,False,0,0,0,False,server/migrations/000000_init-25.sql:1025,server/migrations/000000_init-27.sql:12664
22466,慈心宝戒,25,84,戒指,药师,False,0,0,0,False,server/migrations/000000_init-25.sql:1026,server/migrations/000000_init-27.sql:12665
22467,逆天圣戒,26,90,戒指,药师,False,0,0,0,False,server/migrations/000000_init-25.sql:1027,server/migrations/000000_init-27.sql:12666
22468,御仙圣戒,27,96,戒指,药师,False,0,0,0,False,server/migrations/000000_init-25.sql:1028,server/migrations/000000_init-27.sql:12667
22469,仙皇宝戒,28,102,戒指,药师,False,0,0,0,False,server/migrations/000000_init-25.sql:1029,server/migrations/000000_init-27.sql:12668
22522,邪眼,30,118,项链,战士,False,0,0,0,False,server/migrations/000000_init-25.sql:1073,server/migrations/000000_init-27.sql:12712
22523,风之魄,31,128,项链,战士,False,0,0,0,False,server/migrations/000000_init-25.sql:1075,server/migrations/000000_init-27.sql:12713
22524,战火之链,32,138,项链,战士,False,0,0,0,False,server/migrations/000000_init-25.sql:1076,server/migrations/000000_init-27.sql:12714
22525,龙心,30,118,项链,剑客,False,0,0,0,False,server/migrations/000000_init-25.sql:1077,server/migrations/000000_init-27.sql:12715
22526,擎力坠,31,128,项链,剑客,False,0,0,0,False,server/migrations/000000_init-25.sql:1078,server/migrations/000000_init-27.sql:12716
22527,烈凰之链,32,138,项链,剑客,False,0,0,0,False,server/migrations/000000_init-25.sql:1079,server/migrations/000000_init-27.sql:12718
22528,堕天,30,118,项链,刺客,False,0,0,0,False,server/migrations/000000_init-25.sql:1080,server/migrations/000000_init-27.sql:12719
22529,云之镶,31,128,项链,刺客,False,0,0,0,False,server/migrations/000000_init-25.sql:1081,server/migrations/000000_init-27.sql:12720
22530,浴火之链,32,138,项链,刺客,False,0,0,0,False,server/migrations/000000_init-25.sql:1082,server/migrations/000000_init-27.sql:12721
22531,御魔,30,118,项链,术士,False,0,0,0,False,server/migrations/000000_init-25.sql:1083,server/migrations/000000_init-27.sql:12722
22532,圣灵坠,31,128,项链,术士,False,0,0,0,False,server/migrations/000000_init-25.sql:1084,server/migrations/000000_init-27.sql:12723
22533,命运之链,32,138,项链,术士,False,0,0,0,False,server/migrations/000000_init-25.sql:1086,server/migrations/000000_init-27.sql:12724
22534,擎天,30,118,项链,药师,False,0,0,0,False,server/migrations/000000_init-25.sql:1087,server/migrations/000000_init-27.sql:12725
22535,破魂坠,31,128,项链,药师,False,0,0,0,False,server/migrations/000000_init-25.sql:1088,server/migrations/000000_init-27.sql:12728
22536,遁灵之链,32,138,项链,药师,False,0,0,0,False,server/migrations/000000_init-25.sql:1089,server/migrations/000000_init-27.sql:12729
22537,紫灵手套,30,118,手套,战士,False,0,0,0,False,server/migrations/000000_init-25.sql:1090,server/migrations/000000_init-27.sql:12731
22538,凌云护腕,31,128,手套,战士,False,0,0,0,False,server/migrations/000000_init-25.sql:1091,server/migrations/000000_init-27.sql:12732
22539,武圣护手,32,138,手套,战士,False,0,0,0,False,server/migrations/000000_init-25.sql:1092,server/migrations/000000_init-27.sql:12733
22540,踏山手套,30,118,手套,剑客,False,0,0,0,False,server/migrations/000000_init-25.sql:1093,server/migrations/000000_init-27.sql:12734
22541,白玉护腕,31,128,手套,剑客,False,0,0,0,False,server/migrations/000000_init-25.sql:1094,server/migrations/000000_init-27.sql:12735
22542,神魂护手,32,138,手套,剑客,False,0,0,0,False,server/migrations/000000_init-25.sql:1095,server/migrations/000000_init-27.sql:12736
22543,隐匿手套,30,118,手套,刺客,False,0,0,0,False,server/migrations/000000_init-25.sql:1098,server/migrations/000000_init-27.sql:12737
22544,潜行护腕,31,128,手套,刺客,False,0,0,0,False,server/migrations/000000_init-25.sql:1099,server/migrations/000000_init-27.sql:12738
22545,魂灵护手,32,138,手套,刺客,False,0,0,0,False,server/migrations/000000_init-25.sql:1100,server/migrations/000000_init-27.sql:12739
22546,火印手套,30,118,手套,术士,False,0,0,0,False,server/migrations/000000_init-25.sql:1101,server/migrations/000000_init-27.sql:12740
22547,魂灵护腕,31,128,手套,术士,False,0,0,0,False,server/migrations/000000_init-25.sql:1102,server/migrations/000000_init-27.sql:12744
22548,灵舞护手,32,138,手套,术士,False,0,0,0,False,server/migrations/000000_init-25.sql:1103,server/migrations/000000_init-27.sql:12745
22549,灵玉手套,30,118,手套,药师,False,0,0,0,False,server/migrations/000000_init-25.sql:1104,server/migrations/000000_init-27.sql:12746
22550,生命护腕,31,128,手套,药师,False,0,0,0,False,server/migrations/000000_init-25.sql:1105,server/migrations/000000_init-27.sql:12747
22551,普渡护手,32,138,手套,药师,False,0,0,0,False,server/migrations/000000_init-25.sql:1108,server/migrations/000000_init-27.sql:12748
22581,战魂宝靴,30,118,鞋子,战士,False,0,0,0,False,server/migrations/000000_init-25.sql:1135,server/migrations/000000_init-27.sql:12774
22582,狂战魔靴,31,128,鞋子,战士,False,0,0,0,False,server/migrations/000000_init-25.sql:1136,server/migrations/000000_init-27.sql:12775
22583,战神圣靴,32,138,鞋子,战士,False,0,0,0,False,server/migrations/000000_init-25.sql:1137,server/migrations/000000_init-27.sql:12777
22584,坚韧战靴,30,118,鞋子,剑客,False,0,0,0,False,server/migrations/000000_init-25.sql:1138,server/migrations/000000_init-27.sql:12778
22585,虚无宝靴,31,128,鞋子,剑客,False,0,0,0,False,server/migrations/000000_init-25.sql:1139,server/migrations/000000_init-27.sql:12779
22586,武圣之靴,32,138,鞋子,剑客,False,0,0,0,False,server/migrations/000000_init-25.sql:1140,server/migrations/000000_init-27.sql:12780
22587,影遁鬼靴,30,118,鞋子,刺客,False,0,0,0,False,server/migrations/000000_init-25.sql:1141,server/migrations/000000_init-27.sql:12781
22588,咒缚魔靴,31,128,鞋子,刺客,False,0,0,0,False,server/migrations/000000_init-25.sql:1142,server/migrations/000000_init-27.sql:12782
22589,弑神之靴,32,138,鞋子,刺客,False,0,0,0,False,server/migrations/000000_init-25.sql:1144,server/migrations/000000_init-27.sql:12783
22590,冰魂天靴,30,118,鞋子,术士,False,0,0,0,False,server/migrations/000000_init-25.sql:1145,server/migrations/000000_init-27.sql:12784
22591,月神宝靴,31,128,鞋子,术士,False,0,0,0,False,server/migrations/000000_init-25.sql:1146,server/migrations/000000_init-27.sql:12785
22592,魔幻圣靴,32,138,鞋子,术士,False,0,0,0,False,server/migrations/000000_init-25.sql:1147,server/migrations/000000_init-27.sql:12786
22593,祈祷圣靴,30,118,鞋子,药师,False,0,0,0,False,server/migrations/000000_init-25.sql:1148,server/migrations/000000_init-27.sql:12788
22594,圣灵云靴,31,128,鞋子,药师,False,0,0,0,False,server/migrations/000000_init-25.sql:1149,server/migrations/000000_init-27.sql:12789
22595,神舞战靴,32,138,鞋子,药师,False,0,0,0,False,server/migrations/000000_init-25.sql:1150,server/migrations/000000_init-27.sql:12790
24653,普通的穷奇兽筋,10,120,腰带,战士,False,0,0,0,False,server/migrations/000000_init-25.sql:2365,server/migrations/000000_init-27.sql:14005
24654,普通的穷奇甲环,10,120,,战士,False,0,0,0,False,server/migrations/000000_init-25.sql:2366,server/migrations/000000_init-27.sql:14006
24655,普通的穷奇角坠,10,120,耳环,战士,False,0,0,0,False,server/migrations/000000_init-25.sql:2368,server/migrations/000000_init-27.sql:14007
24656,优秀的穷奇兽筋,11,120,腰带,战士,False,0,0,0,False,server/migrations/000000_init-25.sql:2369,server/migrations/000000_init-27.sql:14008
24657,优秀的穷奇甲环,11,120,,战士,False,0,0,0,False,server/migrations/000000_init-25.sql:2370,server/migrations/000000_init-27.sql:14009
24658,优秀的穷奇角坠,11,120,耳环,战士,False,0,0,0,False,server/migrations/000000_init-25.sql:2371,server/migrations/000000_init-27.sql:14010
24659,精良的穷奇兽筋,12,120,腰带,战士,False,0,0,0,False,server/migrations/000000_init-25.sql:2372,server/migrations/000000_init-27.sql:14012
24660,精良的穷奇甲环,12,120,,战士,False,0,0,0,False,server/migrations/000000_init-25.sql:2373,server/migrations/000000_init-27.sql:14013
24661,精良的穷奇角坠,12,120,耳环,战士,False,0,0,0,False,server/migrations/000000_init-25.sql:2374,server/migrations/000000_init-27.sql:14014
24662,普通的混沌束带,10,120,腰带,剑客,False,0,0,0,False,server/migrations/000000_init-25.sql:2375,server/migrations/000000_init-27.sql:14015
24663,普通的混沌鳞环,10,120,,剑客,False,0,0,0,False,server/migrations/000000_init-25.sql:2376,server/migrations/000000_init-27.sql:14016
24664,普通的混沌火泪,10,120,耳环,剑客,False,0,0,0,False,server/migrations/000000_init-25.sql:2377,server/migrations/000000_init-27.sql:14017
24665,优秀的混沌束带,11,120,腰带,剑客,False,0,0,0,False,server/migrations/000000_init-25.sql:2379,server/migrations/000000_init-27.sql:14018
24666,优秀的混沌鳞环,11,120,,剑客,False,0,0,0,False,server/migrations/000000_init-25.sql:2380,server/migrations/000000_init-27.sql:14019
24667,优秀的混沌火泪,11,120,耳环,剑客,False,0,0,0,False,server/migrations/000000_init-25.sql:2381,server/migrations/000000_init-27.sql:14020
24668,精良的混沌束带,12,120,腰带,剑客,False,0,0,0,False,server/migrations/000000_init-25.sql:2382,server/migrations/000000_init-27.sql:14021
24669,精良的混沌鳞环,12,120,,剑客,False,0,0,0,False,server/migrations/000000_init-25.sql:2383,server/migrations/000000_init-27.sql:14023
24670,精良的混沌火泪,12,120,耳环,剑客,False,0,0,0,False,server/migrations/000000_init-25.sql:2384,server/migrations/000000_init-27.sql:14024
24671,普通的白泽束缚,10,120,腰带,刺客,False,0,0,0,False,server/migrations/000000_init-25.sql:2385,server/migrations/000000_init-27.sql:14025
24672,普通的白泽角环,10,120,,刺客,False,0,0,0,False,server/migrations/000000_init-25.sql:2386,server/migrations/000000_init-27.sql:14026
24673,普通的白泽圣蹄,10,120,耳环,刺客,False,0,0,0,False,server/migrations/000000_init-25.sql:2387,server/migrations/000000_init-27.sql:14027
24674,优秀的白泽束缚,11,120,腰带,刺客,False,0,0,0,False,server/migrations/000000_init-25.sql:2388,server/migrations/000000_init-27.sql:14028
24675,优秀的白泽角环,11,120,,刺客,False,0,0,0,False,server/migrations/000000_init-25.sql:2390,server/migrations/000000_init-27.sql:14029
24676,优秀的白泽圣蹄,11,120,耳环,刺客,False,0,0,0,False,server/migrations/000000_init-25.sql:2391,server/migrations/000000_init-27.sql:14030
24677,精良的白泽束缚,12,120,腰带,刺客,False,0,0,0,False,server/migrations/000000_init-25.sql:2392,server/migrations/000000_init-27.sql:14031
24678,精良的白泽角环,12,120,,刺客,False,0,0,0,False,server/migrations/000000_init-25.sql:2393,server/migrations/000000_init-27.sql:14032
24679,精良的白泽圣蹄,12,120,耳环,刺客,False,0,0,0,False,server/migrations/000000_init-25.sql:2394,server/migrations/000000_init-27.sql:14034
24680,普通的祸斗墨带,10,120,腰带,术士,False,0,0,0,False,server/migrations/000000_init-25.sql:2395,server/migrations/000000_init-27.sql:14035
24681,普通的祸斗尾环,10,120,,术士,False,0,0,0,False,server/migrations/000000_init-25.sql:2396,server/migrations/000000_init-27.sql:14036
24682,普通的祸斗利牙,10,120,耳环,术士,False,0,0,0,False,server/migrations/000000_init-25.sql:2397,server/migrations/000000_init-27.sql:14037
24683,优秀的祸斗墨带,11,120,腰带,术士,False,0,0,0,False,server/migrations/000000_init-25.sql:2398,server/migrations/000000_init-27.sql:14038
24684,优秀的祸斗尾环,11,120,,术士,False,0,0,0,False,server/migrations/000000_init-25.sql:2399,server/migrations/000000_init-27.sql:14039
24685,优秀的祸斗利牙,11,120,耳环,术士,False,0,0,0,False,server/migrations/000000_init-25.sql:2401,server/migrations/000000_init-27.sql:14040
24686,精良的祸斗墨带,12,120,腰带,术士,False,0,0,0,False,server/migrations/000000_init-25.sql:2402,server/migrations/000000_init-27.sql:14041
24687,精良的祸斗尾环,12,120,,术士,False,0,0,0,False,server/migrations/000000_init-25.sql:2403,server/migrations/000000_init-27.sql:14042
24688,精良的祸斗利牙,12,120,耳环,术士,False,0,0,0,False,server/migrations/000000_init-25.sql:2404,server/migrations/000000_init-27.sql:14043
24689,普通的精卫羽带,10,120,腰带,药师,False,0,0,0,False,server/migrations/000000_init-25.sql:2405,server/migrations/000000_init-27.sql:14045
24690,普通的精卫圣镯,10,120,,药师,False,0,0,0,False,server/migrations/000000_init-25.sql:2406,server/migrations/000000_init-27.sql:14046
24691,普通的精卫翎珰,10,120,耳环,药师,False,0,0,0,False,server/migrations/000000_init-25.sql:2407,server/migrations/000000_init-27.sql:14047
24692,优秀的精卫羽带,11,120,腰带,药师,False,0,0,0,False,server/migrations/000000_init-25.sql:2408,server/migrations/000000_init-27.sql:14048
24693,优秀的精卫圣镯,11,120,,药师,False,0,0,0,False,server/migrations/000000_init-25.sql:2409,server/migrations/000000_init-27.sql:14049
24694,优秀的精卫翎珰,11,120,耳环,药师,False,0,0,0,False,server/migrations/000000_init-25.sql:2410,server/migrations/000000_init-27.sql:14050
24695,精良的精卫羽带,12,120,腰带,药师,False,0,0,0,False,server/migrations/000000_init-25.sql:2412,server/migrations/000000_init-27.sql:14051
24696,精良的精卫圣镯,12,120,,药师,False,0,0,0,False,server/migrations/000000_init-25.sql:2413,server/migrations/000000_init-27.sql:14054
24697,精良的精卫翎珰,12,120,耳环,药师,False,0,0,0,False,server/migrations/000000_init-25.sql:2414,server/migrations/000000_init-27.sql:14055
29833,幻想女神（飞前）,7,60,服装,战士|剑客|刺客|药师|术士,True,2,0,171,True,server/migrations/000000_init-25.sql:4935,server/migrations/000000_init-27.sql:17678
29834,幻想男神（飞前）,7,60,服装,战士|剑客|刺客|药师|术士,True,1,0,171,True,server/migrations/000000_init-25.sql:4936,server/migrations/000000_init-27.sql:17679
29847,万人迷（飞前）,7,60,服装,战士|剑客|刺客|药师|术士,True,2,0,171,True,server/migrations/000000_init-25.sql:4953,server/migrations/000000_init-27.sql:17693
29848,国民小生（飞前）,7,60,服装,战士|剑客|刺客|药师|术士,True,1,0,171,True,server/migrations/000000_init-25.sql:4954,server/migrations/000000_init-27.sql:17695
40008,润*赤鸟睛,13,120,,战士,False,0,0,0,False,server/migrations/000000_init-25.sql:6181,server/migrations/000000_init-28.sql:1917
40009,润*响蛇环,13,120,,战士,False,0,0,0,False,server/migrations/000000_init-25.sql:6182,server/migrations/000000_init-28.sql:1918
40010,润*龙雀覆,13,120,,战士,False,0,0,0,False,server/migrations/000000_init-25.sql:6183,server/migrations/000000_init-28.sql:1919
40011,润*芒青翅,13,120,,剑客,False,0,0,0,False,server/migrations/000000_init-25.sql:6184,server/migrations/000000_init-28.sql:1920
40012,润*北狄叶,13,120,,剑客,False,0,0,0,False,server/migrations/000000_init-25.sql:6186,server/migrations/000000_init-28.sql:1922
40013,润*丹鹤翎,13,120,,剑客,False,0,0,0,False,server/migrations/000000_init-25.sql:6187,server/migrations/000000_init-28.sql:1923
40014,润*浑蟒鳞,13,120,,刺客,False,0,0,0,False,server/migrations/000000_init-25.sql:6188,server/migrations/000000_init-28.sql:1924
40015,润*踏鹿角,13,120,,刺客,False,0,0,0,False,server/migrations/000000_init-25.sql:6189,server/migrations/000000_init-28.sql:1925
40016,润*苍蓝触,13,120,,刺客,False,0,0,0,False,server/migrations/000000_init-25.sql:6190,server/migrations/000000_init-28.sql:1926
40017,润*凶水泪,13,120,,术士,False,0,0,0,False,server/migrations/000000_init-25.sql:6191,server/migrations/000000_init-28.sql:1927
40018,润*青鸾羽,13,120,,术士,False,0,0,0,False,server/migrations/000000_init-25.sql:6192,server/migrations/000000_init-28.sql:1928
40019,润*天蛟蜕,13,120,,术士,False,0,0,0,False,server/migrations/000000_init-25.sql:6193,server/migrations/000000_init-28.sql:1929
40020,润*信风邀,13,120,,药师,False,0,0,0,False,server/migrations/000000_init-25.sql:6194,server/migrations/000000_init-28.sql:1930
40021,润*天靛针,13,120,,药师,False,0,0,0,False,server/migrations/000000_init-25.sql:6195,server/migrations/000000_init-28.sql:1931
40022,润*润炎矢,13,120,,药师,False,0,0,0,False,server/migrations/000000_init-25.sql:6198,server/migrations/000000_init-28.sql:1933
40023,润*毕方喙*战,13,60,,战士,False,0,0,0,False,server/migrations/000000_init-25.sql:6199,server/migrations/000000_init-28.sql:1934
40024,润*飞廉翼*战,13,60,,战士,False,0,0,0,False,server/migrations/000000_init-25.sql:6200,server/migrations/000000_init-28.sql:1935
40025,润*钦原刺*战,13,60,,战士,False,0,0,0,False,server/migrations/000000_init-25.sql:6201,server/migrations/000000_init-28.sql:1936
40026,润*毕方喙*剑,13,60,,剑客,False,0,0,0,False,server/migrations/000000_init-25.sql:6202,server/migrations/000000_init-28.sql:1937
40027,润*飞廉翼*剑,13,60,,剑客,False,0,0,0,False,server/migrations/000000_init-25.sql:6203,server/migrations/000000_init-28.sql:1938
40028,润*钦原刺*剑,13,60,,剑客,False,0,0,0,False,server/migrations/000000_init-25.sql:6204,server/migrations/000000_init-28.sql:1939
40029,润*毕方喙*刺,13,60,,刺客,False,0,0,0,False,server/migrations/000000_init-25.sql:6205,server/migrations/000000_init-28.sql:1940
40030,润*飞廉翼*刺,13,60,,刺客,False,0,0,0,False,server/migrations/000000_init-25.sql:6208,server/migrations/000000_init-28.sql:1941
40031,润*钦原刺*刺,13,60,,刺客,False,0,0,0,False,server/migrations/000000_init-25.sql:6209,server/migrations/000000_init-28.sql:1942
40032,润*毕方喙*术,13,60,,术士,False,0,0,0,False,server/migrations/000000_init-25.sql:6211,server/migrations/000000_init-28.sql:1944
40033,润*飞廉翼*术,13,60,,术士,False,0,0,0,False,server/migrations/000000_init-25.sql:6212,server/migrations/000000_init-28.sql:1945
40034,润*钦原刺*术,13,60,,术士,False,0,0,0,False,server/migrations/000000_init-25.sql:6213,server/migrations/000000_init-28.sql:1946
40035,润*毕方喙*药,13,60,,药师,False,0,0,0,False,server/migrations/000000_init-25.sql:6214,server/migrations/000000_init-28.sql:1947
40036,润*飞廉翼*药,13,60,,药师,False,0,0,0,False,server/migrations/000000_init-25.sql:6215,server/migrations/000000_init-28.sql:1948
40037,润*钦原刺*药,13,60,,药师,False,0,0,0,False,server/migrations/000000_init-25.sql:6216,server/migrations/000000_init-28.sql:1949
47085,赤鸟睛,12,120,,战士,False,0,0,0,False,server/migrations/000000_init-25.sql:6418,server/migrations/000000_init-28.sql:2729
47086,响蛇环,12,120,,战士,False,0,0,0,False,server/migrations/000000_init-25.sql:6419,server/migrations/000000_init-28.sql:2730
47087,龙雀覆,12,120,,战士,False,0,0,0,False,server/migrations/000000_init-25.sql:6420,server/migrations/000000_init-28.sql:2731
47088,芒青翅,12,120,,剑客,False,0,0,0,False,server/migrations/000000_init-25.sql:6421,server/migrations/000000_init-28.sql:2732
47089,北狄叶,12,120,,剑客,False,0,0,0,False,server/migrations/000000_init-25.sql:6422,server/migrations/000000_init-28.sql:2733
47090,丹鹤翎,12,120,,剑客,False,0,0,0,False,server/migrations/000000_init-25.sql:6423,server/migrations/000000_init-28.sql:2734
47091,浑蟒鳞,12,120,,刺客,False,0,0,0,False,server/migrations/000000_init-25.sql:6426,server/migrations/000000_init-28.sql:2735
47092,踏鹿角,12,120,,刺客,False,0,0,0,False,server/migrations/000000_init-25.sql:6427,server/migrations/000000_init-28.sql:2736
47093,苍蓝触,12,120,,刺客,False,0,0,0,False,server/migrations/000000_init-25.sql:6428,server/migrations/000000_init-28.sql:2738
47094,凶水泪,12,120,,术士,False,0,0,0,False,server/migrations/000000_init-25.sql:6429,server/migrations/000000_init-28.sql:2739
47095,青鸾羽,12,120,,术士,False,0,0,0,False,server/migrations/000000_init-25.sql:6430,server/migrations/000000_init-28.sql:2740
47096,天蛟蜕,12,120,,术士,False,0,0,0,False,server/migrations/000000_init-25.sql:6431,server/migrations/000000_init-28.sql:2741
47097,信风邀,12,120,,药师,False,0,0,0,False,server/migrations/000000_init-25.sql:6432,server/migrations/000000_init-28.sql:2742
47098,天靛针,12,120,,药师,False,0,0,0,False,server/migrations/000000_init-25.sql:6433,server/migrations/000000_init-28.sql:2743
47099,润炎矢,12,120,,药师,False,0,0,0,False,server/migrations/000000_init-25.sql:6434,server/migrations/000000_init-28.sql:2744
47100,毕方喙*战,12,60,,战士,False,0,0,0,False,server/migrations/000000_init-25.sql:6435,server/migrations/000000_init-28.sql:2745
47101,飞廉翼*战,12,60,,战士,False,0,0,0,False,server/migrations/000000_init-25.sql:6437,server/migrations/000000_init-28.sql:2746
47102,钦原刺*战,12,60,,战士,False,0,0,0,False,server/migrations/000000_init-25.sql:6438,server/migrations/000000_init-28.sql:2747
47103,毕方喙*剑,12,60,,剑客,False,0,0,0,False,server/migrations/000000_init-25.sql:6439,server/migrations/000000_init-28.sql:2749
47104,飞廉翼*剑,12,60,,剑客,False,0,0,0,False,server/migrations/000000_init-25.sql:6440,server/migrations/000000_init-28.sql:2750
47105,钦原刺*剑,12,60,,剑客,False,0,0,0,False,server/migrations/000000_init-25.sql:6441,server/migrations/000000_init-28.sql:2751
47106,毕方喙*刺,12,60,,刺客,False,0,0,0,False,server/migrations/000000_init-25.sql:6442,server/migrations/000000_init-28.sql:2752
47107,飞廉翼*刺,12,60,,刺客,False,0,0,0,False,server/migrations/000000_init-25.sql:6443,server/migrations/000000_init-28.sql:2753
47108,钦原刺*刺,12,60,,刺客,False,0,0,0,False,server/migrations/000000_init-25.sql:6444,server/migrations/000000_init-28.sql:2754
47109,毕方喙*术,12,60,,术士,False,0,0,0,False,server/migrations/000000_init-25.sql:6445,server/migrations/000000_init-28.sql:2755
47110,飞廉翼*术,12,60,,术士,False,0,0,0,False,server/migrations/000000_init-25.sql:6446,server/migrations/000000_init-28.sql:2756
47111,钦原刺*术,12,60,,术士,False,0,0,0,False,server/migrations/000000_init-25.sql:6448,server/migrations/000000_init-28.sql:2757
47112,毕方喙*药,12,60,,药师,False,0,0,0,False,server/migrations/000000_init-25.sql:6449,server/migrations/000000_init-28.sql:2758
47113,飞廉翼*药,12,60,,药师,False,0,0,0,False,server/migrations/000000_init-25.sql:6450,server/migrations/000000_init-28.sql:2760
47114,钦原刺*药,12,60,,药师,False,0,0,0,False,server/migrations/000000_init-25.sql:6451,server/migrations/000000_init-28.sql:2761
47435,玄武器坯,99,60,鞋子,战士|剑客|刺客|药师|术士,False,0,0,0,False,server/migrations/000000_init-26.sql:153,server/migrations/000000_init-28.sql:2988
47436,玄蜃楼防具坯,99,60,头盔,战士|剑客|刺客|药师|术士,False,0,0,0,False,server/migrations/000000_init-26.sql:154,server/migrations/000000_init-28.sql:2989
47437,玄千山防具坯,99,60,头盔,战士|剑客|刺客|药师|术士,False,0,0,0,False,server/migrations/000000_init-26.sql:155,server/migrations/000000_init-28.sql:2990
47483,奇怪的碎片,99,60,,战士|剑客|刺客|药师|术士,False,0,0,0,False,server/migrations/000000_init-26.sql:207,server/migrations/000000_init-28.sql:3041
57001,测试英勇徽章,1,35,,战士|剑客|刺客|药师|术士,False,0,0,0,False,server/migrations/000000_init-26.sql:288,server/migrations/000000_init-28.sql:5180
57002,测试信仰徽章,1,35,,战士|剑客|刺客|药师|术士,False,0,0,0,False,server/migrations/000000_init-26.sql:289,server/migrations/000000_init-28.sql:5181
57003,测试忠诚徽章,1,35,,战士|剑客|刺客|药师|术士,False,0,0,0,False,server/migrations/000000_init-26.sql:290,server/migrations/000000_init-28.sql:5182
57004,测试卓越徽章,1,35,,战士|剑客|刺客|药师|术士,False,0,0,0,False,server/migrations/000000_init-26.sql:291,server/migrations/000000_init-28.sql:5183
57005,测试睿智徽章,1,35,,战士|剑客|刺客|药师|术士,False,0,0,0,False,server/migrations/000000_init-26.sql:292,server/migrations/000000_init-28.sql:5184
57006,测试狂野徽章,1,35,,战士|剑客|刺客|药师|术士,False,0,0,0,False,server/migrations/000000_init-26.sql:295,server/migrations/000000_init-28.sql:5186
57007,测试完美英勇徽章,1,35,,战士|剑客|刺客|药师|术士,False,0,0,0,False,server/migrations/000000_init-26.sql:297,server/migrations/000000_init-28.sql:5187
57008,测试完美信仰徽章,1,35,,战士|剑客|刺客|药师|术士,False,0,0,0,False,server/migrations/000000_init-26.sql:298,server/migrations/000000_init-28.sql:5188
57009,测试完美忠诚徽章,1,35,,战士|剑客|刺客|药师|术士,False,0,0,0,False,server/migrations/000000_init-26.sql:299,server/migrations/000000_init-28.sql:5189
57010,测试完美卓越徽章,1,35,,战士|剑客|刺客|药师|术士,False,0,0,0,False,server/migrations/000000_init-26.sql:300,server/migrations/000000_init-28.sql:5190
57011,测试完美睿智徽章,1,35,,战士|剑客|刺客|药师|术士,False,0,0,0,False,server/migrations/000000_init-26.sql:301,server/migrations/000000_init-28.sql:5191
57012,测试完美狂野徽章,1,35,,战士|剑客|刺客|药师|术士,False,0,0,0,False,server/migrations/000000_init-26.sql:302,server/migrations/000000_init-28.sql:5192
57013,劣质的战士狂野徽章,1,35,,战士,False,0,0,0,False,server/migrations/000000_init-26.sql:303,server/migrations/000000_init-28.sql:5193
57014,残缺的战士狂野徽章,2,35,,战士,False,0,0,0,False,server/migrations/000000_init-26.sql:304,server/migrations/000000_init-28.sql:5194
57015,瑕疵的战士狂野徽章,3,35,,战士,False,0,0,0,False,server/migrations/000000_init-26.sql:305,server/migrations/000000_init-28.sql:5195
57016,普通的战士狂野徽章,4,35,,战士,False,0,0,0,False,server/migrations/000000_init-26.sql:306,server/migrations/000000_init-28.sql:5198
57017,别致的战士狂野徽章,5,35,,战士,False,0,0,0,False,server/migrations/000000_init-26.sql:308,server/migrations/000000_init-28.sql:5199
57018,上乘的战士狂野徽章,6,35,,战士,False,0,0,0,False,server/migrations/000000_init-26.sql:309,server/migrations/000000_init-28.sql:5200
57019,精良的战士狂野徽章,7,35,,战士,False,0,0,0,False,server/migrations/000000_init-26.sql:310,server/migrations/000000_init-28.sql:5201
57020,完美的战士狂野徽章,8,35,,战士,False,0,0,0,False,server/migrations/000000_init-26.sql:311,server/migrations/000000_init-28.sql:5202
57021,劣质的剑客狂野徽章,1,35,,剑客,False,0,0,0,False,server/migrations/000000_init-26.sql:312,server/migrations/000000_init-28.sql:5203
57022,残缺的剑客狂野徽章,2,35,,剑客,False,0,0,0,False,server/migrations/000000_init-26.sql:313,server/migrations/000000_init-28.sql:5204
57023,瑕疵的剑客狂野徽章,3,35,,剑客,False,0,0,0,False,server/migrations/000000_init-26.sql:314,server/migrations/000000_init-28.sql:5205
57024,普通的剑客狂野徽章,4,35,,剑客,False,0,0,0,False,server/migrations/000000_init-26.sql:315,server/migrations/000000_init-28.sql:5206
57025,别致的剑客狂野徽章,5,35,,剑客,False,0,0,0,False,server/migrations/000000_init-26.sql:316,server/migrations/000000_init-28.sql:5207
57026,上乘的剑客狂野徽章,6,35,,剑客,False,0,0,0,False,server/migrations/000000_init-26.sql:317,server/migrations/000000_init-28.sql:5209
57027,精良的剑客狂野徽章,7,35,,剑客,False,0,0,0,False,server/migrations/000000_init-26.sql:319,server/migrations/000000_init-28.sql:5210
57028,完美的剑客狂野徽章,8,35,,剑客,False,0,0,0,False,server/migrations/000000_init-26.sql:320,server/migrations/000000_init-28.sql:5211
57029,劣质的刺客狂野徽章,1,35,,刺客,False,0,0,0,False,server/migrations/000000_init-26.sql:321,server/migrations/000000_init-28.sql:5212
57030,残缺的刺客狂野徽章,2,35,,刺客,False,0,0,0,False,server/migrations/000000_init-26.sql:322,server/migrations/000000_init-28.sql:5213
57031,瑕疵的刺客狂野徽章,3,35,,刺客,False,0,0,0,False,server/migrations/000000_init-26.sql:323,server/migrations/000000_init-28.sql:5214
57032,普通的刺客狂野徽章,4,35,,刺客,False,0,0,0,False,server/migrations/000000_init-26.sql:324,server/migrations/000000_init-28.sql:5215
57033,别致的刺客狂野徽章,5,35,,刺客,False,0,0,0,False,server/migrations/000000_init-26.sql:325,server/migrations/000000_init-28.sql:5216
57034,上乘的刺客狂野徽章,6,35,,刺客,False,0,0,0,False,server/migrations/000000_init-26.sql:326,server/migrations/000000_init-28.sql:5217
57035,精良的刺客狂野徽章,7,35,,刺客,False,0,0,0,False,server/migrations/000000_init-26.sql:327,server/migrations/000000_init-28.sql:5218
57036,完美的刺客狂野徽章,8,35,,刺客,False,0,0,0,False,server/migrations/000000_init-26.sql:328,server/migrations/000000_init-28.sql:5220
57037,劣质的术士狂野徽章,11,35,,术士,False,0,0,0,False,server/migrations/000000_init-26.sql:330,server/migrations/000000_init-28.sql:5221
57038,残缺的术士狂野徽章,12,35,,术士,False,0,0,0,False,server/migrations/000000_init-26.sql:331,server/migrations/000000_init-28.sql:5222
57039,瑕疵的术士狂野徽章,13,35,,术士,False,0,0,0,False,server/migrations/000000_init-26.sql:332,server/migrations/000000_init-28.sql:5223
57040,普通的术士狂野徽章,14,35,,术士,False,0,0,0,False,server/migrations/000000_init-26.sql:333,server/migrations/000000_init-28.sql:5224
57041,别致的术士狂野徽章,15,35,,术士,False,0,0,0,False,server/migrations/000000_init-26.sql:334,server/migrations/000000_init-28.sql:5225
57042,上乘的术士狂野徽章,16,35,,术士,False,0,0,0,False,server/migrations/000000_init-26.sql:335,server/migrations/000000_init-28.sql:5226
57043,精良的术士狂野徽章,17,35,,术士,False,0,0,0,False,server/migrations/000000_init-26.sql:336,server/migrations/000000_init-28.sql:5227
57044,完美的术士狂野徽章,18,35,,术士,False,0,0,0,False,server/migrations/000000_init-26.sql:337,server/migrations/000000_init-28.sql:5228
57045,劣质的药师狂野徽章,11,35,,药师,False,0,0,0,False,server/migrations/000000_init-26.sql:338,server/migrations/000000_init-28.sql:5229
57046,残缺的药师狂野徽章,12,35,,药师,False,0,0,0,False,server/migrations/000000_init-26.sql:339,server/migrations/000000_init-28.sql:5231
57047,瑕疵的药师狂野徽章,13,35,,药师,False,0,0,0,False,server/migrations/000000_init-26.sql:341,server/migrations/000000_init-28.sql:5232
57048,普通的药师狂野徽章,14,35,,药师,False,0,0,0,False,server/migrations/000000_init-26.sql:342,server/migrations/000000_init-28.sql:5233
57049,别致的药师狂野徽章,15,35,,药师,False,0,0,0,False,server/migrations/000000_init-26.sql:343,server/migrations/000000_init-28.sql:5234
57050,上乘的药师狂野徽章,16,35,,药师,False,0,0,0,False,server/migrations/000000_init-26.sql:344,server/migrations/000000_init-28.sql:5235
57051,精良的药师狂野徽章,17,35,,药师,False,0,0,0,False,server/migrations/000000_init-26.sql:345,server/migrations/000000_init-28.sql:5236
57052,完美的药师狂野徽章,18,35,,药师,False,0,0,0,False,server/migrations/000000_init-26.sql:346,server/migrations/000000_init-28.sql:5237
57053,劣质的飞升战士狂野徽章,1,61,,战士,False,0,0,0,False,server/migrations/000000_init-26.sql:347,server/migrations/000000_init-28.sql:5238
57054,残缺的飞升战士狂野徽章,2,61,,战士,False,0,0,0,False,server/migrations/000000_init-26.sql:348,server/migrations/000000_init-28.sql:5239
57055,瑕疵的飞升战士狂野徽章,3,61,,战士,False,0,0,0,False,server/migrations/000000_init-26.sql:349,server/migrations/000000_init-28.sql:5240
57056,普通的飞升战士狂野徽章,4,61,,战士,False,0,0,0,False,server/migrations/000000_init-26.sql:350,server/migrations/000000_init-28.sql:5242
57057,别致的飞升战士狂野徽章,5,61,,战士,False,0,0,0,False,server/migrations/000000_init-26.sql:353,server/migrations/000000_init-28.sql:5243
57058,上乘的飞升战士狂野徽章,6,61,,战士,False,0,0,0,False,server/migrations/000000_init-26.sql:354,server/migrations/000000_init-28.sql:5244
57059,精良的飞升战士狂野徽章,7,61,,战士,False,0,0,0,False,server/migrations/000000_init-26.sql:355,server/migrations/000000_init-28.sql:5245
57060,完美的飞升战士狂野徽章,8,61,,战士,False,0,0,0,False,server/migrations/000000_init-26.sql:356,server/migrations/000000_init-28.sql:5246
57061,劣质的飞升剑客狂野徽章,1,61,,剑客,False,0,0,0,False,server/migrations/000000_init-26.sql:357,server/migrations/000000_init-28.sql:5247
57062,残缺的飞升剑客狂野徽章,2,61,,剑客,False,0,0,0,False,server/migrations/000000_init-26.sql:358,server/migrations/000000_init-28.sql:5248
57063,瑕疵的飞升剑客狂野徽章,3,61,,剑客,False,0,0,0,False,server/migrations/000000_init-26.sql:359,server/migrations/000000_init-28.sql:5251
57064,普通的飞升剑客狂野徽章,4,61,,剑客,False,0,0,0,False,server/migrations/000000_init-26.sql:360,server/migrations/000000_init-28.sql:5252
57065,别致的飞升剑客狂野徽章,5,61,,剑客,False,0,0,0,False,server/migrations/000000_init-26.sql:361,server/migrations/000000_init-28.sql:5253
57066,上乘的飞升剑客狂野徽章,6,61,,剑客,False,0,0,0,False,server/migrations/000000_init-26.sql:362,server/migrations/000000_init-28.sql:5255
57067,精良的飞升剑客狂野徽章,7,61,,剑客,False,0,0,0,False,server/migrations/000000_init-26.sql:364,server/migrations/000000_init-28.sql:5256
57068,完美的飞升剑客狂野徽章,8,61,,剑客,False,0,0,0,False,server/migrations/000000_init-26.sql:365,server/migrations/000000_init-28.sql:5257
57069,劣质的飞升刺客狂野徽章,1,61,,刺客,False,0,0,0,False,server/migrations/000000_init-26.sql:366,server/migrations/000000_init-28.sql:5258
57070,残缺的飞升刺客狂野徽章,2,61,,刺客,False,0,0,0,False,server/migrations/000000_init-26.sql:367,server/migrations/000000_init-28.sql:5259
57071,瑕疵的飞升刺客狂野徽章,3,61,,刺客,False,0,0,0,False,server/migrations/000000_init-26.sql:368,server/migrations/000000_init-28.sql:5260
57072,普通的飞升刺客狂野徽章,4,61,,刺客,False,0,0,0,False,server/migrations/000000_init-26.sql:369,server/migrations/000000_init-28.sql:5261
57073,别致的飞升刺客狂野徽章,5,61,,刺客,False,0,0,0,False,server/migrations/000000_init-26.sql:370,server/migrations/000000_init-28.sql:5262
57074,上乘的飞升刺客狂野徽章,6,61,,刺客,False,0,0,0,False,server/migrations/000000_init-26.sql:371,server/migrations/000000_init-28.sql:5263
57075,精良的飞升刺客狂野徽章,7,61,,刺客,False,0,0,0,False,server/migrations/000000_init-26.sql:372,server/migrations/000000_init-28.sql:5264
57076,完美的飞升刺客狂野徽章,8,61,,刺客,False,0,0,0,False,server/migrations/000000_init-26.sql:373,server/migrations/000000_init-28.sql:5266
57077,劣质的飞升术士狂野徽章,11,61,,术士,False,0,0,0,False,server/migrations/000000_init-26.sql:375,server/migrations/000000_init-28.sql:5267
57078,残缺的飞升术士狂野徽章,12,61,,术士,False,0,0,0,False,server/migrations/000000_init-26.sql:376,server/migrations/000000_init-28.sql:5268
57079,瑕疵的飞升术士狂野徽章,13,61,,术士,False,0,0,0,False,server/migrations/000000_init-26.sql:377,server/migrations/000000_init-28.sql:5269
57080,普通的飞升术士狂野徽章,14,61,,术士,False,0,0,0,False,server/migrations/000000_init-26.sql:378,server/migrations/000000_init-28.sql:5270
57081,别致的飞升术士狂野徽章,15,61,,术士,False,0,0,0,False,server/migrations/000000_init-26.sql:379,server/migrations/000000_init-28.sql:5271
57082,上乘的飞升术士狂野徽章,16,61,,术士,False,0,0,0,False,server/migrations/000000_init-26.sql:380,server/migrations/000000_init-28.sql:5272
57083,精良的飞升术士狂野徽章,17,61,,术士,False,0,0,0,False,server/migrations/000000_init-26.sql:381,server/migrations/000000_init-28.sql:5273
57084,完美的飞升术士狂野徽章,18,61,,术士,False,0,0,0,False,server/migrations/000000_init-26.sql:382,server/migrations/000000_init-28.sql:5274
57085,劣质的飞升药师狂野徽章,11,61,,药师,False,0,0,0,False,server/migrations/000000_init-26.sql:383,server/migrations/000000_init-28.sql:5275
57086,残缺的飞升药师狂野徽章,12,61,,药师,False,0,0,0,False,server/migrations/000000_init-26.sql:384,server/migrations/000000_init-28.sql:5277
57087,瑕疵的飞升药师狂野徽章,13,61,,药师,False,0,0,0,False,server/migrations/000000_init-26.sql:386,server/migrations/000000_init-28.sql:5278
57088,普通的飞升药师狂野徽章,14,61,,药师,False,0,0,0,False,server/migrations/000000_init-26.sql:387,server/migrations/000000_init-28.sql:5279
57089,别致的飞升药师狂野徽章,15,61,,药师,False,0,0,0,False,server/migrations/000000_init-26.sql:388,server/migrations/000000_init-28.sql:5280
57090,上乘的飞升药师狂野徽章,16,61,,药师,False,0,0,0,False,server/migrations/000000_init-26.sql:389,server/migrations/000000_init-28.sql:5281
57091,精良的飞升药师狂野徽章,17,61,,药师,False,0,0,0,False,server/migrations/000000_init-26.sql:390,server/migrations/000000_init-28.sql:5282
57092,完美的飞升药师狂野徽章,18,61,,药师,False,0,0,0,False,server/migrations/000000_init-26.sql:391,server/migrations/000000_init-28.sql:5283
57093,铂金狂野徽章变装（力量）,1,35,,战士|剑客|刺客|药师|术士,False,0,1,0,False,server/migrations/000000_init-26.sql:392,server/migrations/000000_init-28.sql:5284
57094,铂金狂野徽章变装（智慧）,1,35,,战士|剑客|刺客|药师|术士,False,0,1,0,False,server/migrations/000000_init-26.sql:393,server/migrations/000000_init-28.sql:5285
57095,铂金狂野徽章变装（体质）,1,35,,战士|剑客|刺客|药师|术士,False,0,1,0,False,server/migrations/000000_init-26.sql:394,server/migrations/000000_init-28.sql:5286
57096,黄金狂野徽章变装（力体）,1,35,,战士|剑客|刺客|药师|术士,False,0,2,0,False,server/migrations/000000_init-26.sql:397,server/migrations/000000_init-28.sql:5288
57097,黄金狂野徽章变装（智体）,1,35,,战士|剑客|刺客|药师|术士,False,0,2,0,False,server/migrations/000000_init-26.sql:399,server/migrations/000000_init-28.sql:5289
57098,狂野徽章变装红*壹级,1,35,,战士|剑客|刺客|药师|术士,False,0,1,0,False,server/migrations/000000_init-26.sql:400,server/migrations/000000_init-28.sql:5290
57099,狂野徽章变装红*贰级,1,35,,战士|剑客|刺客|药师|术士,False,0,1,0,False,server/migrations/000000_init-26.sql:401,server/migrations/000000_init-28.sql:5291
57100,狂野徽章变装红*叄级,1,35,,战士|剑客|刺客|药师|术士,False,0,1,0,False,server/migrations/000000_init-26.sql:402,server/migrations/000000_init-28.sql:5292
57101,狂野徽章变装红*肆级,1,35,,战士|剑客|刺客|药师|术士,False,0,1,0,False,server/migrations/000000_init-26.sql:403,server/migrations/000000_init-28.sql:5293
57102,狂野徽章变装红*伍级,1,35,,战士|剑客|刺客|药师|术士,False,0,1,0,False,server/migrations/000000_init-26.sql:404,server/migrations/000000_init-28.sql:5294
57103,狂野徽章变装红*陆级,1,35,,战士|剑客|刺客|药师|术士,False,0,1,0,False,server/migrations/000000_init-26.sql:405,server/migrations/000000_init-28.sql:5295
57104,狂野徽章变装蓝*壹级,1,35,,战士|剑客|刺客|药师|术士,False,0,1,0,False,server/migrations/000000_init-26.sql:406,server/migrations/000000_init-28.sql:5296
57105,狂野徽章变装蓝*贰级,1,35,,战士|剑客|刺客|药师|术士,False,0,1,0,False,server/migrations/000000_init-26.sql:407,server/migrations/000000_init-28.sql:5297
57106,狂野徽章变装蓝*叄级,1,35,,战士|剑客|刺客|药师|术士,False,0,1,0,False,server/migrations/000000_init-26.sql:408,server/migrations/000000_init-28.sql:5299
57107,狂野徽章变装蓝*肆级,1,35,,战士|剑客|刺客|药师|术士,False,0,1,0,False,server/migrations/000000_init-26.sql:410,server/migrations/000000_init-28.sql:5300
57108,狂野徽章变装蓝*伍级,1,35,,战士|剑客|刺客|药师|术士,False,0,1,0,False,server/migrations/000000_init-26.sql:411,server/migrations/000000_init-28.sql:5301
57109,狂野徽章变装蓝*陆级,1,35,,战士|剑客|刺客|药师|术士,False,0,1,0,False,server/migrations/000000_init-26.sql:412,server/migrations/000000_init-28.sql:5302
57110,狂野徽章变装绿*壹级,1,35,,战士|剑客|刺客|药师|术士,False,0,1,0,False,server/migrations/000000_init-26.sql:413,server/migrations/000000_init-28.sql:5303
57111,狂野徽章变装绿*贰级,1,35,,战士|剑客|刺客|药师|术士,False,0,1,0,False,server/migrations/000000_init-26.sql:414,server/migrations/000000_init-28.sql:5304
57112,狂野徽章变装绿*叄级,1,35,,战士|剑客|刺客|药师|术士,False,0,1,0,False,server/migrations/000000_init-26.sql:415,server/migrations/000000_init-28.sql:5305
57113,狂野徽章变装绿*肆级,1,35,,战士|剑客|刺客|药师|术士,False,0,1,0,False,server/migrations/000000_init-26.sql:416,server/migrations/000000_init-28.sql:5306
57114,狂野徽章变装绿*伍级,1,35,,战士|剑客|刺客|药师|术士,False,0,1,0,False,server/migrations/000000_init-26.sql:417,server/migrations/000000_init-28.sql:5307
57115,狂野徽章变装绿*陆级,1,35,,战士|剑客|刺客|药师|术士,False,0,1,0,False,server/migrations/000000_init-26.sql:418,server/migrations/000000_init-28.sql:5308
57116,狂野徽章变装*陆级（力体）,1,35,,战士|剑客|刺客|药师|术士,False,0,2,0,False,server/migrations/000000_init-26.sql:419,server/migrations/000000_init-28.sql:5311
57117,狂野徽章变装*陆级（智体）,1,35,,战士|剑客|刺客|药师|术士,False,0,2,0,False,server/migrations/000000_init-26.sql:421,server/migrations/000000_init-28.sql:5312
57118,狂野徽章变装*伍级（力体）,1,35,,战士|剑客|刺客|药师|术士,False,0,2,0,False,server/migrations/000000_init-26.sql:422,server/migrations/000000_init-28.sql:5313
57119,狂野徽章变装*伍级（智体）,1,35,,战士|剑客|刺客|药师|术士,False,0,2,0,False,server/migrations/000000_init-26.sql:423,server/migrations/000000_init-28.sql:5314
57120,狂野徽章变装*肆级（力体）,1,35,,战士|剑客|刺客|药师|术士,False,0,2,0,False,server/migrations/000000_init-26.sql:424,server/migrations/000000_init-28.sql:5315
57121,狂野徽章变装*肆级（智体）,1,35,,战士|剑客|刺客|药师|术士,False,0,2,0,False,server/migrations/000000_init-26.sql:425,server/migrations/000000_init-28.sql:5316
57122,完美的飞升战士英勇徽章,8,61,,战士,False,0,0,0,False,server/migrations/000000_init-26.sql:426,server/migrations/000000_init-28.sql:5317
57123,完美的飞升剑客英勇徽章,8,61,,剑客,False,0,0,0,False,server/migrations/000000_init-26.sql:427,server/migrations/000000_init-28.sql:5318
57124,完美的飞升刺客英勇徽章,8,61,,刺客,False,0,0,0,False,server/migrations/000000_init-26.sql:428,server/migrations/000000_init-28.sql:5319
57125,完美的飞升术士英勇徽章,8,61,,术士,False,0,0,0,False,server/migrations/000000_init-26.sql:429,server/migrations/000000_init-28.sql:5320
57126,完美的飞升药师英勇徽章,8,61,,药师,False,0,0,0,False,server/migrations/000000_init-26.sql:430,server/migrations/000000_init-28.sql:5322
57127,完美的战士英勇徽章,8,35,,战士,False,0,0,0,False,server/migrations/000000_init-26.sql:432,server/migrations/000000_init-28.sql:5323
57128,完美的剑客英勇徽章,8,35,,剑客,False,0,0,0,False,server/migrations/000000_init-26.sql:433,server/migrations/000000_init-28.sql:5324
57129,完美的刺客英勇徽章,8,35,,刺客,False,0,0,0,False,server/migrations/000000_init-26.sql:434,server/migrations/000000_init-28.sql:5325
57130,完美的术士英勇徽章,8,35,,术士,False,0,0,0,False,server/migrations/000000_init-26.sql:435,server/migrations/000000_init-28.sql:5326
57131,完美的药师英勇徽章,8,35,,药师,False,0,0,0,False,server/migrations/000000_init-26.sql:436,server/migrations/000000_init-28.sql:5327
57132,劣质的战士卓越徽章,1,35,,战士,False,0,0,0,False,server/migrations/000000_init-26.sql:437,server/migrations/000000_init-28.sql:5328
57133,残缺的战士卓越徽章,2,35,,战士,False,0,0,0,False,server/migrations/000000_init-26.sql:438,server/migrations/000000_init-28.sql:5329
57134,瑕疵的战士卓越徽章,3,35,,战士,False,0,0,0,False,server/migrations/000000_init-26.sql:439,server/migrations/000000_init-28.sql:5330
57135,普通的战士卓越徽章,4,35,,战士,False,0,0,0,False,server/migrations/000000_init-26.sql:440,server/migrations/000000_init-28.sql:5331
57136,别致的战士卓越徽章,5,35,,战士,False,0,0,0,False,server/migrations/000000_init-26.sql:441,server/migrations/000000_init-28.sql:5333
57137,上乘的战士卓越徽章,6,35,,战士,False,0,0,0,False,server/migrations/000000_init-26.sql:443,server/migrations/000000_init-28.sql:5334
57138,精良的战士卓越徽章,7,35,,战士,False,0,0,0,False,server/migrations/000000_init-26.sql:444,server/migrations/000000_init-28.sql:5335
57139,完美的战士卓越徽章,8,35,,战士,False,0,0,0,False,server/migrations/000000_init-26.sql:445,server/migrations/000000_init-28.sql:5336
57140,劣质的剑客卓越徽章,1,35,,剑客,False,0,0,0,False,server/migrations/000000_init-26.sql:446,server/migrations/000000_init-28.sql:5337
57141,残缺的剑客卓越徽章,2,35,,剑客,False,0,0,0,False,server/migrations/000000_init-26.sql:447,server/migrations/000000_init-28.sql:5338
57142,瑕疵的剑客卓越徽章,3,35,,剑客,False,0,0,0,False,server/migrations/000000_init-26.sql:448,server/migrations/000000_init-28.sql:5339
57143,普通的剑客卓越徽章,4,35,,剑客,False,0,0,0,False,server/migrations/000000_init-26.sql:449,server/migrations/000000_init-28.sql:5340
57144,别致的剑客卓越徽章,5,35,,剑客,False,0,0,0,False,server/migrations/000000_init-26.sql:450,server/migrations/000000_init-28.sql:5341
57145,上乘的剑客卓越徽章,6,35,,剑客,False,0,0,0,False,server/migrations/000000_init-26.sql:451,server/migrations/000000_init-28.sql:5342
57146,精良的剑客卓越徽章,7,35,,剑客,False,0,0,0,False,server/migrations/000000_init-26.sql:452,server/migrations/000000_init-28.sql:5344
57147,完美的剑客卓越徽章,8,35,,剑客,False,0,0,0,False,server/migrations/000000_init-26.sql:454,server/migrations/000000_init-28.sql:5345
57148,劣质的刺客卓越徽章,1,35,,刺客,False,0,0,0,False,server/migrations/000000_init-26.sql:455,server/migrations/000000_init-28.sql:5346
57149,残缺的刺客卓越徽章,2,35,,刺客,False,0,0,0,False,server/migrations/000000_init-26.sql:456,server/migrations/000000_init-28.sql:5347
57150,瑕疵的刺客卓越徽章,3,35,,刺客,False,0,0,0,False,server/migrations/000000_init-26.sql:457,server/migrations/000000_init-28.sql:5348
57151,普通的刺客卓越徽章,4,35,,刺客,False,0,0,0,False,server/migrations/000000_init-26.sql:458,server/migrations/000000_init-28.sql:5349
57152,别致的刺客卓越徽章,5,35,,刺客,False,0,0,0,False,server/migrations/000000_init-26.sql:459,server/migrations/000000_init-28.sql:5350
57153,上乘的刺客卓越徽章,6,35,,刺客,False,0,0,0,False,server/migrations/000000_init-26.sql:460,server/migrations/000000_init-28.sql:5353
57154,精良的刺客卓越徽章,7,35,,刺客,False,0,0,0,False,server/migrations/000000_init-26.sql:461,server/migrations/000000_init-28.sql:5354
57155,完美的刺客卓越徽章,8,35,,刺客,False,0,0,0,False,server/migrations/000000_init-26.sql:462,server/migrations/000000_init-28.sql:5355
57156,劣质的术士卓越徽章,11,35,,术士,False,0,0,0,False,server/migrations/000000_init-26.sql:463,server/migrations/000000_init-28.sql:5357
57157,残缺的术士卓越徽章,12,35,,术士,False,0,0,0,False,server/migrations/000000_init-26.sql:466,server/migrations/000000_init-28.sql:5358
57158,瑕疵的术士卓越徽章,13,35,,术士,False,0,0,0,False,server/migrations/000000_init-26.sql:467,server/migrations/000000_init-28.sql:5359
57159,普通的术士卓越徽章,14,35,,术士,False,0,0,0,False,server/migrations/000000_init-26.sql:468,server/migrations/000000_init-28.sql:5360
57160,别致的术士卓越徽章,15,35,,术士,False,0,0,0,False,server/migrations/000000_init-26.sql:469,server/migrations/000000_init-28.sql:5361
57161,上乘的术士卓越徽章,16,35,,术士,False,0,0,0,False,server/migrations/000000_init-26.sql:470,server/migrations/000000_init-28.sql:5362
57162,精良的术士卓越徽章,17,35,,术士,False,0,0,0,False,server/migrations/000000_init-26.sql:471,server/migrations/000000_init-28.sql:5363
57163,完美的术士卓越徽章,18,35,,术士,False,0,0,0,False,server/migrations/000000_init-26.sql:472,server/migrations/000000_init-28.sql:5364
57164,劣质的药师卓越徽章,11,35,,药师,False,0,0,0,False,server/migrations/000000_init-26.sql:473,server/migrations/000000_init-28.sql:5365
57165,残缺的药师卓越徽章,12,35,,药师,False,0,0,0,False,server/migrations/000000_init-26.sql:474,server/migrations/000000_init-28.sql:5366
57166,瑕疵的药师卓越徽章,13,35,,药师,False,0,0,0,False,server/migrations/000000_init-26.sql:475,server/migrations/000000_init-28.sql:5368
57167,普通的药师卓越徽章,14,35,,药师,False,0,0,0,False,server/migrations/000000_init-26.sql:477,server/migrations/000000_init-28.sql:5369
57168,别致的药师卓越徽章,15,35,,药师,False,0,0,0,False,server/migrations/000000_init-26.sql:478,server/migrations/000000_init-28.sql:5370
57169,上乘的药师卓越徽章,16,35,,药师,False,0,0,0,False,server/migrations/000000_init-26.sql:479,server/migrations/000000_init-28.sql:5371
57170,精良的药师卓越徽章,17,35,,药师,False,0,0,0,False,server/migrations/000000_init-26.sql:480,server/migrations/000000_init-28.sql:5372
57171,完美的药师卓越徽章,18,35,,药师,False,0,0,0,False,server/migrations/000000_init-26.sql:481,server/migrations/000000_init-28.sql:5373
57172,劣质的飞升战士卓越徽章,1,61,,战士,False,0,0,0,False,server/migrations/000000_init-26.sql:482,server/migrations/000000_init-28.sql:5374
57173,残缺的飞升战士卓越徽章,2,61,,战士,False,0,0,0,False,server/migrations/000000_init-26.sql:483,server/migrations/000000_init-28.sql:5375
57174,瑕疵的飞升战士卓越徽章,3,61,,战士,False,0,0,0,False,server/migrations/000000_init-26.sql:484,server/migrations/000000_init-28.sql:5376
57175,普通的飞升战士卓越徽章,4,61,,战士,False,0,0,0,False,server/migrations/000000_init-26.sql:485,server/migrations/000000_init-28.sql:5377
57176,别致的飞升战士卓越徽章,5,61,,战士,False,0,0,0,False,server/migrations/000000_init-26.sql:486,server/migrations/000000_init-28.sql:5379
57177,上乘的飞升战士卓越徽章,6,61,,战士,False,0,0,0,False,server/migrations/000000_init-26.sql:488,server/migrations/000000_init-28.sql:5380
57178,精良的飞升战士卓越徽章,7,61,,战士,False,0,0,0,False,server/migrations/000000_init-26.sql:489,server/migrations/000000_init-28.sql:5381
57179,完美的飞升战士卓越徽章,8,61,,战士,False,0,0,0,False,server/migrations/000000_init-26.sql:490,server/migrations/000000_init-28.sql:5382
57180,劣质的飞升剑客卓越徽章,1,61,,剑客,False,0,0,0,False,server/migrations/000000_init-26.sql:491,server/migrations/000000_init-28.sql:5383
57181,残缺的飞升剑客卓越徽章,2,61,,剑客,False,0,0,0,False,server/migrations/000000_init-26.sql:492,server/migrations/000000_init-28.sql:5384
57182,瑕疵的飞升剑客卓越徽章,3,61,,剑客,False,0,0,0,False,server/migrations/000000_init-26.sql:493,server/migrations/000000_init-28.sql:5385
57183,普通的飞升剑客卓越徽章,4,61,,剑客,False,0,0,0,False,server/migrations/000000_init-26.sql:494,server/migrations/000000_init-28.sql:5386
57184,别致的飞升剑客卓越徽章,5,61,,剑客,False,0,0,0,False,server/migrations/000000_init-26.sql:495,server/migrations/000000_init-28.sql:5387
57185,上乘的飞升剑客卓越徽章,6,61,,剑客,False,0,0,0,False,server/migrations/000000_init-26.sql:496,server/migrations/000000_init-28.sql:5388
57186,精良的飞升剑客卓越徽章,7,61,,剑客,False,0,0,0,False,server/migrations/000000_init-26.sql:499,server/migrations/000000_init-28.sql:5390
57187,完美的飞升剑客卓越徽章,8,61,,剑客,False,0,0,0,False,server/migrations/000000_init-26.sql:501,server/migrations/000000_init-28.sql:5391
57188,劣质的飞升刺客卓越徽章,1,61,,刺客,False,0,0,0,False,server/migrations/000000_init-26.sql:502,server/migrations/000000_init-28.sql:5392
57189,残缺的飞升刺客卓越徽章,2,61,,刺客,False,0,0,0,False,server/migrations/000000_init-26.sql:503,server/migrations/000000_init-28.sql:5393
57190,瑕疵的飞升刺客卓越徽章,3,61,,刺客,False,0,0,0,False,server/migrations/000000_init-26.sql:504,server/migrations/000000_init-28.sql:5394
57191,普通的飞升刺客卓越徽章,4,61,,刺客,False,0,0,0,False,server/migrations/000000_init-26.sql:505,server/migrations/000000_init-28.sql:5395
57192,别致的飞升刺客卓越徽章,5,61,,刺客,False,0,0,0,False,server/migrations/000000_init-26.sql:506,server/migrations/000000_init-28.sql:5396
57193,上乘的飞升刺客卓越徽章,6,61,,刺客,False,0,0,0,False,server/migrations/000000_init-26.sql:507,server/migrations/000000_init-28.sql:5397
57194,精良的飞升刺客卓越徽章,7,61,,刺客,False,0,0,0,False,server/migrations/000000_init-26.sql:508,server/migrations/000000_init-28.sql:5398
57195,完美的飞升刺客卓越徽章,8,61,,刺客,False,0,0,0,False,server/migrations/000000_init-26.sql:509,server/migrations/000000_init-28.sql:5399
57196,劣质的飞升术士卓越徽章,11,61,,术士,False,0,0,0,False,server/migrations/000000_init-26.sql:510,server/migrations/000000_init-28.sql:5401
57197,残缺的飞升术士卓越徽章,12,61,,术士,False,0,0,0,False,server/migrations/000000_init-26.sql:512,server/migrations/000000_init-28.sql:5402
57198,瑕疵的飞升术士卓越徽章,13,61,,术士,False,0,0,0,False,server/migrations/000000_init-26.sql:513,server/migrations/000000_init-28.sql:5403
57199,普通的飞升术士卓越徽章,14,61,,术士,False,0,0,0,False,server/migrations/000000_init-26.sql:514,server/migrations/000000_init-28.sql:5404
57200,别致的飞升术士卓越徽章,15,61,,术士,False,0,0,0,False,server/migrations/000000_init-26.sql:515,server/migrations/000000_init-28.sql:5405
57201,上乘的飞升术士卓越徽章,16,61,,术士,False,0,0,0,False,server/migrations/000000_init-26.sql:516,server/migrations/000000_init-28.sql:5406
57202,精良的飞升术士卓越徽章,17,61,,术士,False,0,0,0,False,server/migrations/000000_init-26.sql:517,server/migrations/000000_init-28.sql:5407
57203,完美的飞升术士卓越徽章,18,61,,术士,False,0,0,0,False,server/migrations/000000_init-26.sql:518,server/migrations/000000_init-28.sql:5408
57204,劣质的飞升药师卓越徽章,11,61,,药师,False,0,0,0,False,server/migrations/000000_init-26.sql:519,server/migrations/000000_init-28.sql:5409
57205,残缺的飞升药师卓越徽章,12,61,,药师,False,0,0,0,False,server/migrations/000000_init-26.sql:520,server/migrations/000000_init-28.sql:5410
57206,瑕疵的飞升药师卓越徽章,13,61,,药师,False,0,0,0,False,server/migrations/000000_init-26.sql:521,server/migrations/000000_init-28.sql:5412
57207,普通的飞升药师卓越徽章,14,61,,药师,False,0,0,0,False,server/migrations/000000_init-26.sql:523,server/migrations/000000_init-28.sql:5413
57208,别致的飞升药师卓越徽章,15,61,,药师,False,0,0,0,False,server/migrations/000000_init-26.sql:524,server/migrations/000000_init-28.sql:5414
57209,上乘的飞升药师卓越徽章,16,61,,药师,False,0,0,0,False,server/migrations/000000_init-26.sql:525,server/migrations/000000_init-28.sql:5415
57210,精良的飞升药师卓越徽章,17,61,,药师,False,0,0,0,False,server/migrations/000000_init-26.sql:526,server/migrations/000000_init-28.sql:5416
57211,完美的飞升药师卓越徽章,18,61,,药师,False,0,0,0,False,server/migrations/000000_init-26.sql:527,server/migrations/000000_init-28.sql:5417
57212,铂金卓越徽章变装（力量）,1,35,,战士|剑客|刺客|药师|术士,False,0,1,0,False,server/migrations/000000_init-26.sql:528,server/migrations/000000_init-28.sql:5418
57213,铂金卓越徽章变装（智慧）,1,35,,战士|剑客|刺客|药师|术士,False,0,1,0,False,server/migrations/000000_init-26.sql:529,server/migrations/000000_init-28.sql:5419
57214,铂金卓越徽章变装（体质）,1,35,,战士|剑客|刺客|药师|术士,False,0,1,0,False,server/migrations/000000_init-26.sql:530,server/migrations/000000_init-28.sql:5420
57215,黄金卓越徽章变装（力体）,1,35,,战士|剑客|刺客|药师|术士,False,0,2,0,False,server/migrations/000000_init-26.sql:531,server/migrations/000000_init-28.sql:5421
57216,黄金卓越徽章变装（智体）,1,35,,战士|剑客|刺客|药师|术士,False,0,2,0,False,server/migrations/000000_init-26.sql:532,server/migrations/000000_init-28.sql:5424
57217,卓越徽章变装红*壹级,1,35,,战士|剑客|刺客|药师|术士,False,0,1,0,False,server/migrations/000000_init-26.sql:534,server/migrations/000000_init-28.sql:5425
57218,卓越徽章变装红*贰级,1,35,,战士|剑客|刺客|药师|术士,False,0,1,0,False,server/migrations/000000_init-26.sql:535,server/migrations/000000_init-28.sql:5426
57219,卓越徽章变装红*叄级,1,35,,战士|剑客|刺客|药师|术士,False,0,1,0,False,server/migrations/000000_init-26.sql:536,server/migrations/000000_init-28.sql:5427
57220,卓越徽章变装红*肆级,1,35,,战士|剑客|刺客|药师|术士,False,0,1,0,False,server/migrations/000000_init-26.sql:537,server/migrations/000000_init-28.sql:5428
57221,卓越徽章变装红*伍级,1,35,,战士|剑客|刺客|药师|术士,False,0,1,0,False,server/migrations/000000_init-26.sql:538,server/migrations/000000_init-28.sql:5429
57222,卓越徽章变装红*陆级,1,35,,战士|剑客|刺客|药师|术士,False,0,1,0,False,server/migrations/000000_init-26.sql:539,server/migrations/000000_init-28.sql:5430
57223,卓越徽章变装蓝*壹级,1,35,,战士|剑客|刺客|药师|术士,False,0,1,0,False,server/migrations/000000_init-26.sql:540,server/migrations/000000_init-28.sql:5431
57224,卓越徽章变装蓝*贰级,1,35,,战士|剑客|刺客|药师|术士,False,0,1,0,False,server/migrations/000000_init-26.sql:541,server/migrations/000000_init-28.sql:5432
57225,卓越徽章变装蓝*叄级,1,35,,战士|剑客|刺客|药师|术士,False,0,1,0,False,server/migrations/000000_init-26.sql:542,server/migrations/000000_init-28.sql:5433
57226,卓越徽章变装蓝*肆级,1,35,,战士|剑客|刺客|药师|术士,False,0,1,0,False,server/migrations/000000_init-26.sql:543,server/migrations/000000_init-28.sql:5435
57227,卓越徽章变装蓝*伍级,1,35,,战士|剑客|刺客|药师|术士,False,0,1,0,False,server/migrations/000000_init-26.sql:545,server/migrations/000000_init-28.sql:5436
57228,卓越徽章变装蓝*陆级,1,35,,战士|剑客|刺客|药师|术士,False,0,1,0,False,server/migrations/000000_init-26.sql:546,server/migrations/000000_init-28.sql:5437
57229,卓越徽章变装绿*壹级,1,35,,战士|剑客|刺客|药师|术士,False,0,1,0,False,server/migrations/000000_init-26.sql:547,server/migrations/000000_init-28.sql:5438
57230,卓越徽章变装绿*贰级,1,35,,战士|剑客|刺客|药师|术士,False,0,1,0,False,server/migrations/000000_init-26.sql:548,server/migrations/000000_init-28.sql:5439
57231,卓越徽章变装绿*叄级,1,35,,战士|剑客|刺客|药师|术士,False,0,1,0,False,server/migrations/000000_init-26.sql:549,server/migrations/000000_init-28.sql:5440
57232,卓越徽章变装绿*肆级,1,35,,战士|剑客|刺客|药师|术士,False,0,1,0,False,server/migrations/000000_init-26.sql:550,server/migrations/000000_init-28.sql:5441
57233,卓越徽章变装绿*伍级,1,35,,战士|剑客|刺客|药师|术士,False,0,1,0,False,server/migrations/000000_init-26.sql:551,server/migrations/000000_init-28.sql:5442
57234,卓越徽章变装绿*陆级,1,35,,战士|剑客|刺客|药师|术士,False,0,1,0,False,server/migrations/000000_init-26.sql:552,server/migrations/000000_init-28.sql:5443
57235,卓越徽章变装*陆级（力体）,1,35,,战士|剑客|刺客|药师|术士,False,0,2,0,False,server/migrations/000000_init-26.sql:553,server/migrations/000000_init-28.sql:5444
57236,卓越徽章变装*陆级（智体）,1,35,,战士|剑客|刺客|药师|术士,False,0,2,0,False,server/migrations/000000_init-26.sql:554,server/migrations/000000_init-28.sql:5446
57237,卓越徽章变装*伍级（力体）,1,35,,战士|剑客|刺客|药师|术士,False,0,2,0,False,server/migrations/000000_init-26.sql:556,server/migrations/000000_init-28.sql:5447
57238,卓越徽章变装*伍级（智体）,1,35,,战士|剑客|刺客|药师|术士,False,0,2,0,False,server/migrations/000000_init-26.sql:557,server/migrations/000000_init-28.sql:5448
57239,卓越徽章变装*肆级（力体）,1,35,,战士|剑客|刺客|药师|术士,False,0,2,0,False,server/migrations/000000_init-26.sql:558,server/migrations/000000_init-28.sql:5449
57240,卓越徽章变装*肆级（智体）,1,35,,战士|剑客|刺客|药师|术士,False,0,2,0,False,server/migrations/000000_init-26.sql:559,server/migrations/000000_init-28.sql:5450
57241,劣质的战士忠诚徽章,1,35,,战士,False,0,0,0,False,server/migrations/000000_init-26.sql:560,server/migrations/000000_init-28.sql:5451
57242,残缺的战士忠诚徽章,2,35,,战士,False,0,0,0,False,server/migrations/000000_init-26.sql:561,server/migrations/000000_init-28.sql:5452
57243,瑕疵的战士忠诚徽章,3,35,,战士,False,0,0,0,False,server/migrations/000000_init-26.sql:562,server/migrations/000000_init-28.sql:5455
57244,普通的战士忠诚徽章,4,35,,战士,False,0,0,0,False,server/migrations/000000_init-26.sql:563,server/migrations/000000_init-28.sql:5456
57245,别致的战士忠诚徽章,5,35,,战士,False,0,0,0,False,server/migrations/000000_init-26.sql:564,server/migrations/000000_init-28.sql:5457
57246,上乘的战士忠诚徽章,6,35,,战士,False,0,0,0,False,server/migrations/000000_init-26.sql:565,server/migrations/000000_init-28.sql:5459
57247,精良的战士忠诚徽章,7,35,,战士,False,0,0,0,False,server/migrations/000000_init-26.sql:567,server/migrations/000000_init-28.sql:5460
57248,完美的战士忠诚徽章,8,35,,战士,False,0,0,0,False,server/migrations/000000_init-26.sql:568,server/migrations/000000_init-28.sql:5461
57249,劣质的剑客忠诚徽章,1,35,,剑客,False,0,0,0,False,server/migrations/000000_init-26.sql:569,server/migrations/000000_init-28.sql:5462
57250,残缺的剑客忠诚徽章,2,35,,剑客,False,0,0,0,False,server/migrations/000000_init-26.sql:570,server/migrations/000000_init-28.sql:5463
57251,瑕疵的剑客忠诚徽章,3,35,,剑客,False,0,0,0,False,server/migrations/000000_init-26.sql:571,server/migrations/000000_init-28.sql:5464
57252,普通的剑客忠诚徽章,4,35,,剑客,False,0,0,0,False,server/migrations/000000_init-26.sql:572,server/migrations/000000_init-28.sql:5465
57253,别致的剑客忠诚徽章,5,35,,剑客,False,0,0,0,False,server/migrations/000000_init-26.sql:573,server/migrations/000000_init-28.sql:5466
57254,上乘的剑客忠诚徽章,6,35,,剑客,False,0,0,0,False,server/migrations/000000_init-26.sql:574,server/migrations/000000_init-28.sql:5467
57255,精良的剑客忠诚徽章,7,35,,剑客,False,0,0,0,False,server/migrations/000000_init-26.sql:575,server/migrations/000000_init-28.sql:5468
57256,完美的剑客忠诚徽章,8,35,,剑客,False,0,0,0,False,server/migrations/000000_init-26.sql:576,server/migrations/000000_init-28.sql:5470
57257,劣质的刺客忠诚徽章,1,35,,刺客,False,0,0,0,False,server/migrations/000000_init-26.sql:579,server/migrations/000000_init-28.sql:5471
57258,残缺的刺客忠诚徽章,2,35,,刺客,False,0,0,0,False,server/migrations/000000_init-26.sql:580,server/migrations/000000_init-28.sql:5472
57259,瑕疵的刺客忠诚徽章,3,35,,刺客,False,0,0,0,False,server/migrations/000000_init-26.sql:581,server/migrations/000000_init-28.sql:5473
57260,普通的刺客忠诚徽章,4,35,,刺客,False,0,0,0,False,server/migrations/000000_init-26.sql:582,server/migrations/000000_init-28.sql:5474
57261,别致的刺客忠诚徽章,5,35,,刺客,False,0,0,0,False,server/migrations/000000_init-26.sql:583,server/migrations/000000_init-28.sql:5475
57262,上乘的刺客忠诚徽章,6,35,,刺客,False,0,0,0,False,server/migrations/000000_init-26.sql:584,server/migrations/000000_init-28.sql:5476
57263,精良的刺客忠诚徽章,7,35,,刺客,False,0,0,0,False,server/migrations/000000_init-26.sql:585,server/migrations/000000_init-28.sql:5477
57264,完美的刺客忠诚徽章,8,35,,刺客,False,0,0,0,False,server/migrations/000000_init-26.sql:586,server/migrations/000000_init-28.sql:5478
57265,劣质的术士忠诚徽章,11,35,,术士,False,0,0,0,False,server/migrations/000000_init-26.sql:587,server/migrations/000000_init-28.sql:5479
57266,残缺的术士忠诚徽章,12,35,,术士,False,0,0,0,False,server/migrations/000000_init-26.sql:588,server/migrations/000000_init-28.sql:5481
57267,瑕疵的术士忠诚徽章,13,35,,术士,False,0,0,0,False,server/migrations/000000_init-26.sql:590,server/migrations/000000_init-28.sql:5482
57268,普通的术士忠诚徽章,14,35,,术士,False,0,0,0,False,server/migrations/000000_init-26.sql:591,server/migrations/000000_init-28.sql:5483
57269,别致的术士忠诚徽章,15,35,,术士,False,0,0,0,False,server/migrations/000000_init-26.sql:592,server/migrations/000000_init-28.sql:5484
57270,上乘的术士忠诚徽章,16,35,,术士,False,0,0,0,False,server/migrations/000000_init-26.sql:593,server/migrations/000000_init-28.sql:5485
57271,精良的术士忠诚徽章,17,35,,术士,False,0,0,0,False,server/migrations/000000_init-26.sql:594,server/migrations/000000_init-28.sql:5486
57272,完美的术士忠诚徽章,18,35,,术士,False,0,0,0,False,server/migrations/000000_init-26.sql:595,server/migrations/000000_init-28.sql:5487
57273,劣质的药师忠诚徽章,11,35,,药师,False,0,0,0,False,server/migrations/000000_init-26.sql:596,server/migrations/000000_init-28.sql:5488
57274,残缺的药师忠诚徽章,12,35,,药师,False,0,0,0,False,server/migrations/000000_init-26.sql:597,server/migrations/000000_init-28.sql:5489
57275,瑕疵的药师忠诚徽章,13,35,,药师,False,0,0,0,False,server/migrations/000000_init-26.sql:598,server/migrations/000000_init-28.sql:5490
57276,普通的药师忠诚徽章,14,35,,药师,False,0,0,0,False,server/migrations/000000_init-26.sql:601,server/migrations/000000_init-28.sql:5492
57277,别致的药师忠诚徽章,15,35,,药师,False,0,0,0,False,server/migrations/000000_init-26.sql:603,server/migrations/000000_init-28.sql:5493
57278,上乘的药师忠诚徽章,16,35,,药师,False,0,0,0,False,server/migrations/000000_init-26.sql:604,server/migrations/000000_init-28.sql:5494
57279,精良的药师忠诚徽章,17,35,,药师,False,0,0,0,False,server/migrations/000000_init-26.sql:605,server/migrations/000000_init-28.sql:5495
57280,完美的药师忠诚徽章,18,35,,药师,False,0,0,0,False,server/migrations/000000_init-26.sql:606,server/migrations/000000_init-28.sql:5496
57281,劣质的飞升战士忠诚徽章,1,61,,战士,False,0,0,0,False,server/migrations/000000_init-26.sql:607,server/migrations/000000_init-28.sql:5497
57282,残缺的飞升战士忠诚徽章,2,61,,战士,False,0,0,0,False,server/migrations/000000_init-26.sql:608,server/migrations/000000_init-28.sql:5498
57283,瑕疵的飞升战士忠诚徽章,3,61,,战士,False,0,0,0,False,server/migrations/000000_init-26.sql:609,server/migrations/000000_init-28.sql:5499
57284,普通的飞升战士忠诚徽章,4,61,,战士,False,0,0,0,False,server/migrations/000000_init-26.sql:610,server/migrations/000000_init-28.sql:5500
57285,别致的飞升战士忠诚徽章,5,61,,战士,False,0,0,0,False,server/migrations/000000_init-26.sql:611,server/migrations/000000_init-28.sql:5501
57286,上乘的飞升战士忠诚徽章,6,61,,战士,False,0,0,0,False,server/migrations/000000_init-26.sql:612,server/migrations/000000_init-28.sql:5503
57287,精良的飞升战士忠诚徽章,7,61,,战士,False,0,0,0,False,server/migrations/000000_init-26.sql:614,server/migrations/000000_init-28.sql:5504
57288,完美的飞升战士忠诚徽章,8,61,,战士,False,0,0,0,False,server/migrations/000000_init-26.sql:615,server/migrations/000000_init-28.sql:5505
57289,劣质的飞升剑客忠诚徽章,1,61,,剑客,False,0,0,0,False,server/migrations/000000_init-26.sql:616,server/migrations/000000_init-28.sql:5506
57290,残缺的飞升剑客忠诚徽章,2,61,,剑客,False,0,0,0,False,server/migrations/000000_init-26.sql:617,server/migrations/000000_init-28.sql:5507
57291,瑕疵的飞升剑客忠诚徽章,3,61,,剑客,False,0,0,0,False,server/migrations/000000_init-26.sql:618,server/migrations/000000_init-28.sql:5508
57292,普通的飞升剑客忠诚徽章,4,61,,剑客,False,0,0,0,False,server/migrations/000000_init-26.sql:619,server/migrations/000000_init-28.sql:5509
57293,别致的飞升剑客忠诚徽章,5,61,,剑客,False,0,0,0,False,server/migrations/000000_init-26.sql:620,server/migrations/000000_init-28.sql:5510
57294,上乘的飞升剑客忠诚徽章,6,61,,剑客,False,0,0,0,False,server/migrations/000000_init-26.sql:621,server/migrations/000000_init-28.sql:5511
57295,精良的飞升剑客忠诚徽章,7,61,,剑客,False,0,0,0,False,server/migrations/000000_init-26.sql:622,server/migrations/000000_init-28.sql:5512
57296,完美的飞升剑客忠诚徽章,8,61,,剑客,False,0,0,0,False,server/migrations/000000_init-26.sql:623,server/migrations/000000_init-28.sql:5514
57297,劣质的飞升刺客忠诚徽章,1,61,,刺客,False,0,0,0,False,server/migrations/000000_init-26.sql:625,server/migrations/000000_init-28.sql:5515
57298,残缺的飞升刺客忠诚徽章,2,61,,刺客,False,0,0,0,False,server/migrations/000000_init-26.sql:626,server/migrations/000000_init-28.sql:5516
57299,瑕疵的飞升刺客忠诚徽章,3,61,,刺客,False,0,0,0,False,server/migrations/000000_init-26.sql:627,server/migrations/000000_init-28.sql:5517
57300,普通的飞升刺客忠诚徽章,4,61,,刺客,False,0,0,0,False,server/migrations/000000_init-26.sql:628,server/migrations/000000_init-28.sql:5518
57301,别致的飞升刺客忠诚徽章,5,61,,刺客,False,0,0,0,False,server/migrations/000000_init-26.sql:629,server/migrations/000000_init-28.sql:5519
57302,上乘的飞升刺客忠诚徽章,6,61,,刺客,False,0,0,0,False,server/migrations/000000_init-26.sql:630,server/migrations/000000_init-28.sql:5520
57303,精良的飞升刺客忠诚徽章,7,61,,刺客,False,0,0,0,False,server/migrations/000000_init-26.sql:631,server/migrations/000000_init-28.sql:5521
57304,完美的飞升刺客忠诚徽章,8,61,,刺客,False,0,0,0,False,server/migrations/000000_init-26.sql:632,server/migrations/000000_init-28.sql:5522
57305,劣质的飞升术士忠诚徽章,11,61,,术士,False,0,0,0,False,server/migrations/000000_init-26.sql:633,server/migrations/000000_init-28.sql:5523
57306,残缺的飞升术士忠诚徽章,12,61,,术士,False,0,0,0,False,server/migrations/000000_init-26.sql:634,server/migrations/000000_init-28.sql:5525
57307,瑕疵的飞升术士忠诚徽章,13,61,,术士,False,0,0,0,False,server/migrations/000000_init-26.sql:636,server/migrations/000000_init-28.sql:5526
57308,普通的飞升术士忠诚徽章,14,61,,术士,False,0,0,0,False,server/migrations/000000_init-26.sql:637,server/migrations/000000_init-28.sql:5527
57309,别致的飞升术士忠诚徽章,15,61,,术士,False,0,0,0,False,server/migrations/000000_init-26.sql:638,server/migrations/000000_init-28.sql:5528
57310,上乘的飞升术士忠诚徽章,16,61,,术士,False,0,0,0,False,server/migrations/000000_init-26.sql:639,server/migrations/000000_init-28.sql:5529
57311,精良的飞升术士忠诚徽章,17,61,,术士,False,0,0,0,False,server/migrations/000000_init-26.sql:640,server/migrations/000000_init-28.sql:5530
57312,完美的飞升术士忠诚徽章,18,61,,术士,False,0,0,0,False,server/migrations/000000_init-26.sql:641,server/migrations/000000_init-28.sql:5531
57313,劣质的飞升药师忠诚徽章,11,61,,药师,False,0,0,0,False,server/migrations/000000_init-26.sql:642,server/migrations/000000_init-28.sql:5532
57314,残缺的飞升药师忠诚徽章,12,61,,药师,False,0,0,0,False,server/migrations/000000_init-26.sql:643,server/migrations/000000_init-28.sql:5533
57315,瑕疵的飞升药师忠诚徽章,13,61,,药师,False,0,0,0,False,server/migrations/000000_init-26.sql:644,server/migrations/000000_init-28.sql:5534
57316,普通的飞升药师忠诚徽章,14,61,,药师,False,0,0,0,False,server/migrations/000000_init-26.sql:645,server/migrations/000000_init-28.sql:5537
57317,别致的飞升药师忠诚徽章,15,61,,药师,False,0,0,0,False,server/migrations/000000_init-26.sql:647,server/migrations/000000_init-28.sql:5538
57318,上乘的飞升药师忠诚徽章,16,61,,药师,False,0,0,0,False,server/migrations/000000_init-26.sql:648,server/migrations/000000_init-28.sql:5539
57319,精良的飞升药师忠诚徽章,17,61,,药师,False,0,0,0,False,server/migrations/000000_init-26.sql:649,server/migrations/000000_init-28.sql:5540
57320,完美的飞升药师忠诚徽章,18,61,,药师,False,0,0,0,False,server/migrations/000000_init-26.sql:650,server/migrations/000000_init-28.sql:5541
57321,铂金忠诚徽章变装（力量）,1,35,,战士|剑客|刺客|药师|术士,False,0,1,0,False,server/migrations/000000_init-26.sql:651,server/migrations/000000_init-28.sql:5542
57322,铂金忠诚徽章变装（智慧）,1,35,,战士|剑客|刺客|药师|术士,False,0,1,0,False,server/migrations/000000_init-26.sql:652,server/migrations/000000_init-28.sql:5543
57323,铂金忠诚徽章变装（体质）,1,35,,战士|剑客|刺客|药师|术士,False,0,1,0,False,server/migrations/000000_init-26.sql:653,server/migrations/000000_init-28.sql:5544
57324,黄金忠诚徽章变装（力体）,1,35,,战士|剑客|刺客|药师|术士,False,0,2,0,False,server/migrations/000000_init-26.sql:654,server/migrations/000000_init-28.sql:5545
57325,黄金忠诚徽章变装（智体）,1,35,,战士|剑客|刺客|药师|术士,False,0,2,0,False,server/migrations/000000_init-26.sql:655,server/migrations/000000_init-28.sql:5546
57326,忠诚徽章变装红*壹级,1,35,,战士|剑客|刺客|药师|术士,False,0,1,0,False,server/migrations/000000_init-26.sql:656,server/migrations/000000_init-28.sql:5548
57327,忠诚徽章变装红*贰级,1,35,,战士|剑客|刺客|药师|术士,False,0,1,0,False,server/migrations/000000_init-26.sql:658,server/migrations/000000_init-28.sql:5549
57328,忠诚徽章变装红*叄级,1,35,,战士|剑客|刺客|药师|术士,False,0,1,0,False,server/migrations/000000_init-26.sql:659,server/migrations/000000_init-28.sql:5550
57329,忠诚徽章变装红*肆级,1,35,,战士|剑客|刺客|药师|术士,False,0,1,0,False,server/migrations/000000_init-26.sql:660,server/migrations/000000_init-28.sql:5551
57330,忠诚徽章变装红*伍级,1,35,,战士|剑客|刺客|药师|术士,False,0,1,0,False,server/migrations/000000_init-26.sql:661,server/migrations/000000_init-28.sql:5552
57331,忠诚徽章变装红*陆级,1,35,,战士|剑客|刺客|药师|术士,False,0,1,0,False,server/migrations/000000_init-26.sql:662,server/migrations/000000_init-28.sql:5553
57332,忠诚徽章变装蓝*壹级,1,35,,战士|剑客|刺客|药师|术士,False,0,1,0,False,server/migrations/000000_init-26.sql:663,server/migrations/000000_init-28.sql:5554
57333,忠诚徽章变装蓝*贰级,1,35,,战士|剑客|刺客|药师|术士,False,0,1,0,False,server/migrations/000000_init-26.sql:664,server/migrations/000000_init-28.sql:5557
57334,忠诚徽章变装蓝*叄级,1,35,,战士|剑客|刺客|药师|术士,False,0,1,0,False,server/migrations/000000_init-26.sql:665,server/migrations/000000_init-28.sql:5558
57335,忠诚徽章变装蓝*肆级,1,35,,战士|剑客|刺客|药师|术士,False,0,1,0,False,server/migrations/000000_init-26.sql:666,server/migrations/000000_init-28.sql:5559
57336,忠诚徽章变装蓝*伍级,1,35,,战士|剑客|刺客|药师|术士,False,0,1,0,False,server/migrations/000000_init-26.sql:667,server/migrations/000000_init-28.sql:5561
57337,忠诚徽章变装蓝*陆级,1,35,,战士|剑客|刺客|药师|术士,False,0,1,0,False,server/migrations/000000_init-26.sql:669,server/migrations/000000_init-28.sql:5562
57338,忠诚徽章变装绿*壹级,1,35,,战士|剑客|刺客|药师|术士,False,0,1,0,False,server/migrations/000000_init-26.sql:670,server/migrations/000000_init-28.sql:5563
57339,忠诚徽章变装绿*贰级,1,35,,战士|剑客|刺客|药师|术士,False,0,1,0,False,server/migrations/000000_init-26.sql:671,server/migrations/000000_init-28.sql:5564
57340,忠诚徽章变装绿*叄级,1,35,,战士|剑客|刺客|药师|术士,False,0,1,0,False,server/migrations/000000_init-26.sql:672,server/migrations/000000_init-28.sql:5565
57341,忠诚徽章变装绿*肆级,1,35,,战士|剑客|刺客|药师|术士,False,0,1,0,False,server/migrations/000000_init-26.sql:673,server/migrations/000000_init-28.sql:5566
57342,忠诚徽章变装绿*伍级,1,35,,战士|剑客|刺客|药师|术士,False,0,1,0,False,server/migrations/000000_init-26.sql:674,server/migrations/000000_init-28.sql:5567
57343,忠诚徽章变装绿*陆级,1,35,,战士|剑客|刺客|药师|术士,False,0,1,0,False,server/migrations/000000_init-26.sql:675,server/migrations/000000_init-28.sql:5568
57344,忠诚徽章变装*陆级力体,1,35,,战士|剑客|刺客|药师|术士,False,0,2,0,False,server/migrations/000000_init-26.sql:676,server/migrations/000000_init-28.sql:5569
57345,忠诚徽章变装*陆级智体,1,35,,战士|剑客|刺客|药师|术士,False,0,2,0,False,server/migrations/000000_init-26.sql:677,server/migrations/000000_init-28.sql:5570
57346,忠诚徽章变装*伍级力体,1,35,,战士|剑客|刺客|药师|术士,False,0,2,0,False,server/migrations/000000_init-26.sql:678,server/migrations/000000_init-28.sql:5572
57347,忠诚徽章变装*伍级智体,1,35,,战士|剑客|刺客|药师|术士,False,0,2,0,False,server/migrations/000000_init-26.sql:680,server/migrations/000000_init-28.sql:5573
57348,忠诚徽章变装*肆级力体,1,35,,战士|剑客|刺客|药师|术士,False,0,2,0,False,server/migrations/000000_init-26.sql:681,server/migrations/000000_init-28.sql:5574
57349,忠诚徽章变装*肆级智体,1,35,,战士|剑客|刺客|药师|术士,False,0,2,0,False,server/migrations/000000_init-26.sql:682,server/migrations/000000_init-28.sql:5575
57350,劣质的睿智徽章【物攻】,1,35,,战士|剑客|刺客|药师|术士,False,0,0,0,False,server/migrations/000000_init-26.sql:683,server/migrations/000000_init-28.sql:5576
57351,残缺的睿智徽章【物攻】,2,35,,战士|剑客|刺客|药师|术士,False,0,0,0,False,server/migrations/000000_init-26.sql:684,server/migrations/000000_init-28.sql:5577
57352,瑕疵的睿智徽章【物攻】,3,35,,战士|剑客|刺客|药师|术士,False,0,0,0,False,server/migrations/000000_init-26.sql:685,server/migrations/000000_init-28.sql:5578
57353,普通的睿智徽章【物攻】,4,35,,战士|剑客|刺客|药师|术士,False,0,0,0,False,server/migrations/000000_init-26.sql:686,server/migrations/000000_init-28.sql:5579
57354,别致的睿智徽章【物攻】,5,35,,战士|剑客|刺客|药师|术士,False,0,0,0,False,server/migrations/000000_init-26.sql:687,server/migrations/000000_init-28.sql:5580
57355,上乘的睿智徽章【物攻】,6,35,,战士|剑客|刺客|药师|术士,False,0,0,0,False,server/migrations/000000_init-26.sql:688,server/migrations/000000_init-28.sql:5581
57356,精良的睿智徽章【物攻】,7,35,,战士|剑客|刺客|药师|术士,False,0,0,0,False,server/migrations/000000_init-26.sql:689,server/migrations/000000_init-28.sql:5583
57357,完美的睿智徽章【物攻】,8,35,,战士|剑客|刺客|药师|术士,False,0,0,0,False,server/migrations/000000_init-26.sql:693,server/migrations/000000_init-28.sql:5584
57358,劣质的睿智徽章【魔攻】,11,35,,战士|剑客|刺客|药师|术士,False,0,0,0,False,server/migrations/000000_init-26.sql:694,server/migrations/000000_init-28.sql:5585
57359,残缺的睿智徽章【魔攻】,12,35,,战士|剑客|刺客|药师|术士,False,0,0,0,False,server/migrations/000000_init-26.sql:695,server/migrations/000000_init-28.sql:5586
57360,瑕疵的睿智徽章【魔攻】,13,35,,战士|剑客|刺客|药师|术士,False,0,0,0,False,server/migrations/000000_init-26.sql:696,server/migrations/000000_init-28.sql:5587
57361,普通的睿智徽章【魔攻】,14,35,,战士|剑客|刺客|药师|术士,False,0,0,0,False,server/migrations/000000_init-26.sql:697,server/migrations/000000_init-28.sql:5588
57362,别致的睿智徽章【魔攻】,15,35,,战士|剑客|刺客|药师|术士,False,0,0,0,False,server/migrations/000000_init-26.sql:698,server/migrations/000000_init-28.sql:5589
57363,上乘的睿智徽章【魔攻】,16,35,,战士|剑客|刺客|药师|术士,False,0,0,0,False,server/migrations/000000_init-26.sql:699,server/migrations/000000_init-28.sql:5590
57364,精良的睿智徽章【魔攻】,17,35,,战士|剑客|刺客|药师|术士,False,0,0,0,False,server/migrations/000000_init-26.sql:700,server/migrations/000000_init-28.sql:5591
57365,完美的睿智徽章【魔攻】,18,35,,战士|剑客|刺客|药师|术士,False,0,0,0,False,server/migrations/000000_init-26.sql:703,server/migrations/000000_init-28.sql:5592
57366,劣质的睿智徽章【力量】,21,35,,战士|剑客|刺客|药师|术士,False,0,0,0,False,server/migrations/000000_init-26.sql:704,server/migrations/000000_init-28.sql:5594
57367,残缺的睿智徽章【力量】,22,35,,战士|剑客|刺客|药师|术士,False,0,0,0,False,server/migrations/000000_init-26.sql:706,server/migrations/000000_init-28.sql:5595
57368,瑕疵的睿智徽章【力量】,23,35,,战士|剑客|刺客|药师|术士,False,0,0,0,False,server/migrations/000000_init-26.sql:707,server/migrations/000000_init-28.sql:5596
57369,普通的睿智徽章【力量】,24,35,,战士|剑客|刺客|药师|术士,False,0,0,0,False,server/migrations/000000_init-26.sql:708,server/migrations/000000_init-28.sql:5597
57370,别致的睿智徽章【力量】,25,35,,战士|剑客|刺客|药师|术士,False,0,0,0,False,server/migrations/000000_init-26.sql:709,server/migrations/000000_init-28.sql:5598
57371,上乘的睿智徽章【力量】,26,35,,战士|剑客|刺客|药师|术士,False,0,0,0,False,server/migrations/000000_init-26.sql:710,server/migrations/000000_init-28.sql:5599
57372,精良的睿智徽章【力量】,27,35,,战士|剑客|刺客|药师|术士,False,0,0,0,False,server/migrations/000000_init-26.sql:711,server/migrations/000000_init-28.sql:5600
57373,完美的睿智徽章【力量】,28,35,,战士|剑客|刺客|药师|术士,False,0,0,0,False,server/migrations/000000_init-26.sql:712,server/migrations/000000_init-28.sql:5601
57374,劣质的睿智徽章【智慧】,31,35,,战士|剑客|刺客|药师|术士,False,0,0,0,False,server/migrations/000000_init-26.sql:713,server/migrations/000000_init-28.sql:5602
57375,残缺的睿智徽章【智慧】,32,35,,战士|剑客|刺客|药师|术士,False,0,0,0,False,server/migrations/000000_init-26.sql:714,server/migrations/000000_init-28.sql:5603
57376,瑕疵的睿智徽章【智慧】,33,35,,战士|剑客|刺客|药师|术士,False,0,0,0,False,server/migrations/000000_init-26.sql:715,server/migrations/000000_init-28.sql:5605
57377,普通的睿智徽章【智慧】,34,35,,战士|剑客|刺客|药师|术士,False,0,0,0,False,server/migrations/000000_init-26.sql:717,server/migrations/000000_init-28.sql:5606
57378,别致的睿智徽章【智慧】,35,35,,战士|剑客|刺客|药师|术士,False,0,0,0,False,server/migrations/000000_init-26.sql:718,server/migrations/000000_init-28.sql:5607
57379,上乘的睿智徽章【智慧】,36,35,,战士|剑客|刺客|药师|术士,False,0,0,0,False,server/migrations/000000_init-26.sql:719,server/migrations/000000_init-28.sql:5608
57380,精良的睿智徽章【智慧】,37,35,,战士|剑客|刺客|药师|术士,False,0,0,0,False,server/migrations/000000_init-26.sql:720,server/migrations/000000_init-28.sql:5609
57381,完美的睿智徽章【智慧】,38,35,,战士|剑客|刺客|药师|术士,False,0,0,0,False,server/migrations/000000_init-26.sql:721,server/migrations/000000_init-28.sql:5610
57382,劣质的睿智徽章【体质】,41,35,,战士|剑客|刺客|药师|术士,False,0,0,0,False,server/migrations/000000_init-26.sql:722,server/migrations/000000_init-28.sql:5611
57383,残缺的睿智徽章【体质】,42,35,,战士|剑客|刺客|药师|术士,False,0,0,0,False,server/migrations/000000_init-26.sql:723,server/migrations/000000_init-28.sql:5612
57384,瑕疵的睿智徽章【体质】,43,35,,战士|剑客|刺客|药师|术士,False,0,0,0,False,server/migrations/000000_init-26.sql:724,server/migrations/000000_init-28.sql:5613
57385,普通的睿智徽章【体质】,44,35,,战士|剑客|刺客|药师|术士,False,0,0,0,False,server/migrations/000000_init-26.sql:725,server/migrations/000000_init-28.sql:5614
57386,别致的睿智徽章【体质】,45,35,,战士|剑客|刺客|药师|术士,False,0,0,0,False,server/migrations/000000_init-26.sql:726,server/migrations/000000_init-28.sql:5616
57387,上乘的睿智徽章【体质】,46,35,,战士|剑客|刺客|药师|术士,False,0,0,0,False,server/migrations/000000_init-26.sql:728,server/migrations/000000_init-28.sql:5617
57388,精良的睿智徽章【体质】,47,35,,战士|剑客|刺客|药师|术士,False,0,0,0,False,server/migrations/000000_init-26.sql:729,server/migrations/000000_init-28.sql:5618
57389,完美的睿智徽章【体质】,48,35,,战士|剑客|刺客|药师|术士,False,0,0,0,False,server/migrations/000000_init-26.sql:730,server/migrations/000000_init-28.sql:5619
57390,劣质的睿智徽章【生命】,51,35,,战士|剑客|刺客|药师|术士,False,0,0,0,False,server/migrations/000000_init-26.sql:731,server/migrations/000000_init-28.sql:5620
57391,残缺的睿智徽章【生命】,52,35,,战士|剑客|刺客|药师|术士,False,0,0,0,False,server/migrations/000000_init-26.sql:732,server/migrations/000000_init-28.sql:5621
57392,瑕疵的睿智徽章【生命】,53,35,,战士|剑客|刺客|药师|术士,False,0,0,0,False,server/migrations/000000_init-26.sql:733,server/migrations/000000_init-28.sql:5622
57393,普通的睿智徽章【生命】,54,35,,战士|剑客|刺客|药师|术士,False,0,0,0,False,server/migrations/000000_init-26.sql:734,server/migrations/000000_init-28.sql:5623
57394,别致的睿智徽章【生命】,55,35,,战士|剑客|刺客|药师|术士,False,0,0,0,False,server/migrations/000000_init-26.sql:735,server/migrations/000000_init-28.sql:5624
57395,上乘的睿智徽章【生命】,56,35,,战士|剑客|刺客|药师|术士,False,0,0,0,False,server/migrations/000000_init-26.sql:736,server/migrations/000000_init-28.sql:5625
57396,精良的睿智徽章【生命】,57,35,,战士|剑客|刺客|药师|术士,False,0,0,0,False,server/migrations/000000_init-26.sql:737,server/migrations/000000_init-28.sql:5627
57397,完美的睿智徽章【生命】,58,35,,战士|剑客|刺客|药师|术士,False,0,0,0,False,server/migrations/000000_init-26.sql:739,server/migrations/000000_init-28.sql:5628
57398,劣质飞升睿智徽章【物攻】,1,61,,战士|剑客|刺客|药师|术士,False,0,0,0,False,server/migrations/000000_init-26.sql:740,server/migrations/000000_init-28.sql:5629
57399,残缺飞升睿智徽章【物攻】,2,61,,战士|剑客|刺客|药师|术士,False,0,0,0,False,server/migrations/000000_init-26.sql:741,server/migrations/000000_init-28.sql:5630
57400,瑕疵飞升睿智徽章【物攻】,3,61,,战士|剑客|刺客|药师|术士,False,0,0,0,False,server/migrations/000000_init-26.sql:742,server/migrations/000000_init-28.sql:5631
57401,普通飞升睿智徽章【物攻】,4,61,,战士|剑客|刺客|药师|术士,False,0,0,0,False,server/migrations/000000_init-26.sql:743,server/migrations/000000_init-28.sql:5632
57402,别致飞升睿智徽章【物攻】,5,61,,战士|剑客|刺客|药师|术士,False,0,0,0,False,server/migrations/000000_init-26.sql:744,server/migrations/000000_init-28.sql:5633
57403,上乘飞升睿智徽章【物攻】,6,61,,战士|剑客|刺客|药师|术士,False,0,0,0,False,server/migrations/000000_init-26.sql:745,server/migrations/000000_init-28.sql:5634
57404,精良飞升睿智徽章【物攻】,7,61,,战士|剑客|刺客|药师|术士,False,0,0,0,False,server/migrations/000000_init-26.sql:746,server/migrations/000000_init-28.sql:5635
57405,完美飞升睿智徽章【物攻】,8,61,,战士|剑客|刺客|药师|术士,False,0,0,0,False,server/migrations/000000_init-26.sql:747,server/migrations/000000_init-28.sql:5636
57406,劣质飞升睿智徽章【魔攻】,11,61,,战士|剑客|刺客|药师|术士,False,0,0,0,False,server/migrations/000000_init-26.sql:748,server/migrations/000000_init-28.sql:5638
57407,残缺飞升睿智徽章【魔攻】,12,61,,战士|剑客|刺客|药师|术士,False,0,0,0,False,server/migrations/000000_init-26.sql:750,server/migrations/000000_init-28.sql:5639
57408,瑕疵飞升睿智徽章【魔攻】,13,61,,战士|剑客|刺客|药师|术士,False,0,0,0,False,server/migrations/000000_init-26.sql:751,server/migrations/000000_init-28.sql:5640
57409,普通飞升睿智徽章【魔攻】,14,61,,战士|剑客|刺客|药师|术士,False,0,0,0,False,server/migrations/000000_init-26.sql:752,server/migrations/000000_init-28.sql:5641
57410,别致飞升睿智徽章【魔攻】,15,61,,战士|剑客|刺客|药师|术士,False,0,0,0,False,server/migrations/000000_init-26.sql:753,server/migrations/000000_init-28.sql:5642
57411,上乘飞升睿智徽章【魔攻】,16,61,,战士|剑客|刺客|药师|术士,False,0,0,0,False,server/migrations/000000_init-26.sql:754,server/migrations/000000_init-28.sql:5643
57412,精良飞升睿智徽章【魔攻】,17,61,,战士|剑客|刺客|药师|术士,False,0,0,0,False,server/migrations/000000_init-26.sql:755,server/migrations/000000_init-28.sql:5644
57413,完美飞升睿智徽章【魔攻】,18,61,,战士|剑客|刺客|药师|术士,False,0,0,0,False,server/migrations/000000_init-26.sql:756,server/migrations/000000_init-28.sql:5645
57414,劣质飞升睿智徽章【力量】,21,61,,战士|剑客|刺客|药师|术士,False,0,0,0,False,server/migrations/000000_init-26.sql:757,server/migrations/000000_init-28.sql:5646
57415,残缺飞升睿智徽章【力量】,22,61,,战士|剑客|刺客|药师|术士,False,0,0,0,False,server/migrations/000000_init-26.sql:758,server/migrations/000000_init-28.sql:5647
57416,瑕疵飞升睿智徽章【力量】,23,61,,战士|剑客|刺客|药师|术士,False,0,0,0,False,server/migrations/000000_init-26.sql:759,server/migrations/000000_init-28.sql:5650
57417,普通飞升睿智徽章【力量】,24,61,,战士|剑客|刺客|药师|术士,False,0,0,0,False,server/migrations/000000_init-26.sql:761,server/migrations/000000_init-28.sql:5651
57418,别致飞升睿智徽章【力量】,25,61,,战士|剑客|刺客|药师|术士,False,0,0,0,False,server/migrations/000000_init-26.sql:762,server/migrations/000000_init-28.sql:5652
57419,上乘飞升睿智徽章【力量】,26,61,,战士|剑客|刺客|药师|术士,False,0,0,0,False,server/migrations/000000_init-26.sql:763,server/migrations/000000_init-28.sql:5653
57420,精良飞升睿智徽章【力量】,27,61,,战士|剑客|刺客|药师|术士,False,0,0,0,False,server/migrations/000000_init-26.sql:764,server/migrations/000000_init-28.sql:5654
57421,完美飞升睿智徽章【力量】,28,61,,战士|剑客|刺客|药师|术士,False,0,0,0,False,server/migrations/000000_init-26.sql:765,server/migrations/000000_init-28.sql:5655
57422,劣质飞升睿智徽章【智慧】,31,61,,战士|剑客|刺客|药师|术士,False,0,0,0,False,server/migrations/000000_init-26.sql:766,server/migrations/000000_init-28.sql:5656
57423,残缺飞升睿智徽章【智慧】,32,61,,战士|剑客|刺客|药师|术士,False,0,0,0,False,server/migrations/000000_init-26.sql:767,server/migrations/000000_init-28.sql:5659
57424,瑕疵飞升睿智徽章【智慧】,33,61,,战士|剑客|刺客|药师|术士,False,0,0,0,False,server/migrations/000000_init-26.sql:768,server/migrations/000000_init-28.sql:5660
57425,普通飞升睿智徽章【智慧】,34,61,,战士|剑客|刺客|药师|术士,False,0,0,0,False,server/migrations/000000_init-26.sql:769,server/migrations/000000_init-28.sql:5661
57426,别致飞升睿智徽章【智慧】,35,61,,战士|剑客|刺客|药师|术士,False,0,0,0,False,server/migrations/000000_init-26.sql:770,server/migrations/000000_init-28.sql:5663
57427,上乘飞升睿智徽章【智慧】,36,61,,战士|剑客|刺客|药师|术士,False,0,0,0,False,server/migrations/000000_init-26.sql:772,server/migrations/000000_init-28.sql:5664
57428,精良飞升睿智徽章【智慧】,37,61,,战士|剑客|刺客|药师|术士,False,0,0,0,False,server/migrations/000000_init-26.sql:773,server/migrations/000000_init-28.sql:5665
57429,完美飞升睿智徽章【智慧】,38,61,,战士|剑客|刺客|药师|术士,False,0,0,0,False,server/migrations/000000_init-26.sql:774,server/migrations/000000_init-28.sql:5666
57430,劣质飞升睿智徽章【体质】,41,61,,战士|剑客|刺客|药师|术士,False,0,0,0,False,server/migrations/000000_init-26.sql:775,server/migrations/000000_init-28.sql:5667
57431,残缺飞升睿智徽章【体质】,42,61,,战士|剑客|刺客|药师|术士,False,0,0,0,False,server/migrations/000000_init-26.sql:776,server/migrations/000000_init-28.sql:5668
57432,瑕疵飞升睿智徽章【体质】,43,61,,战士|剑客|刺客|药师|术士,False,0,0,0,False,server/migrations/000000_init-26.sql:777,server/migrations/000000_init-28.sql:5669
57433,普通飞升睿智徽章【体质】,44,61,,战士|剑客|刺客|药师|术士,False,0,0,0,False,server/migrations/000000_init-26.sql:778,server/migrations/000000_init-28.sql:5670
57434,别致飞升睿智徽章【体质】,45,61,,战士|剑客|刺客|药师|术士,False,0,0,0,False,server/migrations/000000_init-26.sql:779,server/migrations/000000_init-28.sql:5671
57435,上乘飞升睿智徽章【体质】,46,61,,战士|剑客|刺客|药师|术士,False,0,0,0,False,server/migrations/000000_init-26.sql:780,server/migrations/000000_init-28.sql:5672
57436,精良飞升睿智徽章【体质】,47,61,,战士|剑客|刺客|药师|术士,False,0,0,0,False,server/migrations/000000_init-26.sql:781,server/migrations/000000_init-28.sql:5674
57437,完美飞升睿智徽章【体质】,48,61,,战士|剑客|刺客|药师|术士,False,0,0,0,False,server/migrations/000000_init-26.sql:783,server/migrations/000000_init-28.sql:5675
57438,劣质飞升睿智徽章【生命】,51,61,,战士|剑客|刺客|药师|术士,False,0,0,0,False,server/migrations/000000_init-26.sql:784,server/migrations/000000_init-28.sql:5676
57439,残缺飞升睿智徽章【生命】,52,61,,战士|剑客|刺客|药师|术士,False,0,0,0,False,server/migrations/000000_init-26.sql:785,server/migrations/000000_init-28.sql:5677
57440,瑕疵飞升睿智徽章【生命】,53,61,,战士|剑客|刺客|药师|术士,False,0,0,0,False,server/migrations/000000_init-26.sql:786,server/migrations/000000_init-28.sql:5678
57441,普通飞升睿智徽章【生命】,54,61,,战士|剑客|刺客|药师|术士,False,0,0,0,False,server/migrations/000000_init-26.sql:787,server/migrations/000000_init-28.sql:5679
57442,别致飞升睿智徽章【生命】,55,61,,战士|剑客|刺客|药师|术士,False,0,0,0,False,server/migrations/000000_init-26.sql:788,server/migrations/000000_init-28.sql:5680
57443,上乘飞升睿智徽章【生命】,56,61,,战士|剑客|刺客|药师|术士,False,0,0,0,False,server/migrations/000000_init-26.sql:789,server/migrations/000000_init-28.sql:5681
57444,精良飞升睿智徽章【生命】,57,61,,战士|剑客|刺客|药师|术士,False,0,0,0,False,server/migrations/000000_init-26.sql:790,server/migrations/000000_init-28.sql:5682
57445,完美飞升睿智徽章【生命】,58,61,,战士|剑客|刺客|药师|术士,False,0,0,0,False,server/migrations/000000_init-26.sql:791,server/migrations/000000_init-28.sql:5683
